Phylum;Class;Order;Family;Genus;strain;name;short;conc;AUCsmean;sdAUC;maxODmean;sdmax;finalODmean;sdfinal
Firmicutes;Bacilli;Lactobacillales;Enterococcaceae;Enterococcus;HM04;Enterococcus faecalis;E. faecalis;17.4 uM Zn;0,93621222434728990;0,04551282653441653;0,945926463829759312;0,045246739756445914;0,94592646382975931;0,045246739756445914
Firmicutes;Bacilli;Lactobacillales;Enterococcaceae;Enterococcus;HM04;Enterococcus faecalis;E. faecalis;0 uM;1,00000000000000000;0,00000000000000000;0,993077156902456348;0,033661041867805871;0,99307715690245635;0,033661041867805871
Firmicutes;Bacilli;Lactobacillales;Enterococcaceae;Enterococcus;HM04;Enterococcus faecalis;E. faecalis;18 uM;0,98943341541681396;0,02428524025992121;0,976201193293751435;0,027704518489694841;0,97620119329375143;0,027704518489694841
Firmicutes;Bacilli;Lactobacillales;Enterococcaceae;Enterococcus;HM04;Enterococcus faecalis;E. faecalis;24 uM;0,96644555242690433;0,02138530115873240;0,956256764855148544;0,021004719232660847;0,95625676485514854;0,021004719232660847
Firmicutes;Bacilli;Lactobacillales;Enterococcaceae;Enterococcus;HM04;Enterococcus faecalis;E. faecalis;30 uM;0,95943855339429673;0,05153251850371317;0,947583532436284015;0,077943900584105941;0,94758353243628402;0,077943900584105941
Firmicutes;Bacilli;Lactobacillales;Enterococcaceae;Enterococcus;HM04;Enterococcus faecalis;E. faecalis;36 uM;1,00654818153021575;0,05089858168109693;1,002281921090875105;0,065942307769556438;1,00228192109087511;0,065942307769556438
Firmicutes;Bacilli;Lactobacillales;Enterococcaceae;Enterococcus;HM04;Enterococcus faecalis;E. faecalis;42 uM;0,97735855244366487;0,08805552145442624;0,987987412219854311;0,093997393818524205;0,98798741221985431;0,093997393818524205
Firmicutes;Bacilli;Lactobacillales;Enterococcaceae;Enterococcus;HM04;Enterococcus faecalis;E. faecalis;48 uM;0,88696545249457959;0,26124563153344499;0,927117288928193450;0,217337922535167039;0,92711728892819345;0,217337922535167039
Firmicutes;Bacilli;Lactobacillales;Enterococcaceae;Enterococcus;HM04;Enterococcus faecalis;E. faecalis;54 uM;0,68475419500582924;0,47659282487171772;0,741150249689360940;0,495808712004541075;0,74115024968936094;0,495808712004541075
Firmicutes;Bacilli;Lactobacillales;Enterococcaceae;Enterococcus;HM04;Enterococcus faecalis;E. faecalis;60 uM;0,54153774893301321;0,42668580999716810;0,609468856489933875;0,447878160414259041;0,60536502967142558;0,453833417869976219
Firmicutes;Bacilli;Lactobacillales;Enterococcaceae;Enterococcus;HM04;Enterococcus faecalis;E. faecalis;70 uM;0,17583795771906011;0,16595537750040762;0,261417457773573503;0,226180082077797634;0,25126048639776555;0,238185243394327950
Firmicutes;Bacilli;Lactobacillales;Enterococcaceae;Enterococcus;HM04;Enterococcus faecalis;E. faecalis;80 uM;0,04365351780116857;0,04057838856346303;0,052817424230997473;0,051756473040472262;0,01893609288456644;0,105412916510614629
Firmicutes;Bacilli;Lactobacillales;Streptococcaceae;Streptococcus;5038;Streptococcus salivarius;S. salivarius;17.4 uM Zn;0,92326465590630780;0,36043902070333761;0,861897458501730718;0,250586671576697673;0,86189745850173072;0,250586671576697673
Firmicutes;Bacilli;Lactobacillales;Streptococcaceae;Streptococcus;5038;Streptococcus salivarius;S. salivarius;0 uM;1,00000000000000000;0,00000000000000000;0,997574665607323885;0,042683800053109719;0,99642962743938501;0,042072642323256269
Firmicutes;Bacilli;Lactobacillales;Streptococcaceae;Streptococcus;5038;Streptococcus salivarius;S. salivarius;18 uM;0,94672093884026975;0,12342718296046679;0,923009547251351647;0,078239998558557289;0,92300954725135165;0,078239998558557289
Firmicutes;Bacilli;Lactobacillales;Streptococcaceae;Streptococcus;5038;Streptococcus salivarius;S. salivarius;24 uM;0,82464102992424038;0,21426642334318116;0,785312491065557339;0,197717970266740317;0,78531249106555734;0,197717970266740317
Firmicutes;Bacilli;Lactobacillales;Streptococcaceae;Streptococcus;5038;Streptococcus salivarius;S. salivarius;30 uM;0,90579259012502356;0,51287418576530652;0,859180468969834354;0,473683084606995319;0,85918046896983435;0,473683084606995319
Firmicutes;Bacilli;Lactobacillales;Streptococcaceae;Streptococcus;5038;Streptococcus salivarius;S. salivarius;36 uM;0,32689492036957452;0,20708738195177379;0,363259446433220057;0,309992713192359770;0,36297854755681558;0,310348772321938304
Firmicutes;Bacilli;Lactobacillales;Streptococcaceae;Streptococcus;5038;Streptococcus salivarius;S. salivarius;42 uM;0,06302080214913033;0,04549860703711026;0,067473931177330068;0,067338886766609873;0,06578853791890310;0,069072509256107820
Firmicutes;Bacilli;Lactobacillales;Streptococcaceae;Streptococcus;5038;Streptococcus salivarius;S. salivarius;48 uM;0,03420594998676790;0,02900535972336528;0,030045275052929522;0,028157720793490128;0,02892167954731154;0,029496102546950322
Firmicutes;Bacilli;Lactobacillales;Streptococcaceae;Streptococcus;5038;Streptococcus salivarius;S. salivarius;54 uM;0,04659234175478723;0,03486310168537806;0,045472142031680964;0,045648912309502493;0,04491034427887198;0,046233377835034041
Firmicutes;Bacilli;Lactobacillales;Streptococcaceae;Streptococcus;5038;Streptococcus salivarius;S. salivarius;60 uM;0,03152397738643387;0,02091747736186454;0,025048706819368508;0,019845763498300334;0,02336331356094154;0,022330390960288660
Firmicutes;Bacilli;Lactobacillales;Streptococcaceae;Streptococcus;5038;Streptococcus salivarius;S. salivarius;70 uM;0,02558405957080706;0,02424281734209767;0,023208329195275698;0,014671777763202682;0,02236563256606221;0,016165294540651274
Firmicutes;Bacilli;Lactobacillales;Streptococcaceae;Streptococcus;5038;Streptococcus salivarius;S. salivarius;80 uM;0,01632729815790828;0,01289603111132607;0,011991931163787332;0,011816750426674133;0,01086833565816936;0,013274214280761166
Firmicutes;Clostridia;Eubacteriales;Clostridiaceae;Clostridium;5032;Clostridium perfringens;C. perfringens;17.4 uM Zn;0,88920963546295739;0,07716370256464282;0,871026205916951901;0,093590497920292490;0,86294539783614377;0,088931927549228920
Firmicutes;Clostridia;Eubacteriales;Clostridiaceae;Clostridium;5032;Clostridium perfringens;C. perfringens;0 uM;1,00000000000000000;0,00000000000000000;0,990918999823696134;0,034919280615447461;0,99043842313166575;0,035309511800781436
Firmicutes;Clostridia;Eubacteriales;Clostridiaceae;Clostridium;5032;Clostridium perfringens;C. perfringens;18 uM;0,98603468186421173;0,10381305650100167;0,976348724968780224;0,082472446552739762;0,96082865944871476;0,068154317004156889
Firmicutes;Clostridia;Eubacteriales;Clostridiaceae;Clostridium;5032;Clostridium perfringens;C. perfringens;24 uM;1,03314532708214690;0,18758184262209548;1,017626694542415944;0,145951003536613777;0,99406041229512820;0,133427362491520041
Firmicutes;Clostridia;Eubacteriales;Clostridiaceae;Clostridium;5032;Clostridium perfringens;C. perfringens;30 uM;1,16123230581648951;0,21962631948817124;1,212384001697916380;0,146510051090246923;1,20891689823081294;0,146857245647012247
Firmicutes;Clostridia;Eubacteriales;Clostridiaceae;Clostridium;5032;Clostridium perfringens;C. perfringens;36 uM;0,75158345600540577;0,30950497605319671;0,920948964454700758;0,212244626291181904;0,92094896445470076;0,212244626291181904
Firmicutes;Clostridia;Eubacteriales;Clostridiaceae;Clostridium;5032;Clostridium perfringens;C. perfringens;42 uM;0,13518594648855387;0,11081747648817827;0,180580927975448446;0,116476894759837871;0,16928463167915217;0,123256716466552715
Firmicutes;Clostridia;Eubacteriales;Clostridiaceae;Clostridium;5032;Clostridium perfringens;C. perfringens;48 uM;0,05351363992705021;0,04843225195111507;0,072038500627566865;0,054892083761606723;0,06176914035820660;0,051196059441883865
Firmicutes;Clostridia;Eubacteriales;Clostridiaceae;Clostridium;5032;Clostridium perfringens;C. perfringens;54 uM;0,02500704691687432;0,02024237448805284;0,041082253184797628;0,043283430741867607;0,03013949224203669;0,028132787860584391
Firmicutes;Clostridia;Eubacteriales;Clostridiaceae;Clostridium;5032;Clostridium perfringens;C. perfringens;60 uM;0,01649819529711020;0,01223245083601679;0,031002969864898301;0,042949782148078361;0,01729615131226477;0,022475400745121558
Firmicutes;Clostridia;Eubacteriales;Clostridiaceae;Clostridium;5032;Clostridium perfringens;C. perfringens;70 uM;0,01470173338678915;0,01348109113293357;0,027100018643989053;0,038644203784631091;0,01555089186203743;0,017514260010988537
Firmicutes;Clostridia;Eubacteriales;Clostridiaceae;Clostridium;5032;Clostridium perfringens;C. perfringens;80 uM;0,01522045629280406;0,01667542846708496;0,029049645824535043;0,041579112262797063;0,01830786680081770;0,021969647098251787
Firmicutes;Clostridia;Eubacteriales;Lachnospiraceae;Coprococcus;5048;Coprococcus comes;C. comes;17.4 uM Zn;1,47738494463061110;0,46123710272687823;1,175464890728048495;0,075862833454582834;1,17546489072804849;0,075862833454582834
Firmicutes;Clostridia;Eubacteriales;Lachnospiraceae;Coprococcus;5048;Coprococcus comes;C. comes;0 uM;1,00000000000000000;0,00000000000000000;0,981436053278158527;0,075551990353296558;0,98143605327815853;0,075551990353296558
Firmicutes;Clostridia;Eubacteriales;Lachnospiraceae;Coprococcus;5048;Coprococcus comes;C. comes;18 uM;0,89427454667468065;0,43601833525402678;0,776977886977887056;0,129690932117369095;0,77697788697788706;0,129690932117369095
Firmicutes;Clostridia;Eubacteriales;Lachnospiraceae;Coprococcus;5048;Coprococcus comes;C. comes;24 uM;0,64801823345226239;0,42351634020512102;0,580707573602310401;0,302184238443968911;0,58070757360231040;0,302184238443968911
Firmicutes;Clostridia;Eubacteriales;Lachnospiraceae;Coprococcus;5048;Coprococcus comes;C. comes;30 uM;0,16858137181613655;0,10504253068075119;0,128761584551058239;0,092261068615965960;0,12856222250959093;0,092564725219529534
Firmicutes;Clostridia;Eubacteriales;Lachnospiraceae;Coprococcus;5048;Coprococcus comes;C. comes;36 uM;0,08282437434113984;0,04812019897416726;0,038087202034570451;0,036395150741948143;0,03509677141256089;0,039865173661749229
Firmicutes;Clostridia;Eubacteriales;Lachnospiraceae;Coprococcus;5048;Coprococcus comes;C. comes;42 uM;0,07913966116697320;0,06015201177065502;0,023918703392387608;0,009347895079074214;0,02092827277037804;0,010894229948616803
Firmicutes;Clostridia;Eubacteriales;Lachnospiraceae;Coprococcus;5048;Coprococcus comes;C. comes;48 uM;0,03335668680549373;0,01233161067267402;0,010707358075779133;0,010621816459628956;0,00759429285745075;0,012356859678526882
Firmicutes;Clostridia;Eubacteriales;Lachnospiraceae;Coprococcus;5048;Coprococcus comes;C. comes;54 uM;0,11546882846954536;0,09690703315123998;0,038951032372084998;0,014855534989261345;0,03759386180438812;0,016651239612182605
Firmicutes;Clostridia;Eubacteriales;Lachnospiraceae;Coprococcus;5048;Coprococcus comes;C. comes;60 uM;0,12944058390724464;0,09545014717134066;0,039123669123669123;0,010070421980040076;0,03764386395965343;0,011571497651677167
Firmicutes;Clostridia;Eubacteriales;Lachnospiraceae;Coprococcus;5048;Coprococcus comes;C. comes;70 uM;0,08143634717514495;0,09127767923706467;0,027223587223587226;0,014360530394393563;0,02722358722358723;0,014360530394393563
Firmicutes;Clostridia;Eubacteriales;Lachnospiraceae;Coprococcus;5048;Coprococcus comes;C. comes;80 uM;0,06527311200222780;0,06220292338930516;0,021281089702142337;0,011343464720851191;0,02128108970214234;0,011343464720851191
Firmicutes;Clostridia;Eubacteriales;Lachnospiraceae;Dorea;5076;Dorea formicigenerans;D. formicigenerans;17.4 uM Zn;1,05766690540137742;0,01736625820126602;0,984565152864351423;0,001853665182071451;0,98456515286435142;0,001853665182071451
Firmicutes;Clostridia;Eubacteriales;Lachnospiraceae;Dorea;5076;Dorea formicigenerans;D. formicigenerans;0 uM;1,00000000000000000;0,00000000000000000;0,997922232116354890;0,012155295476072048;0,99792223211635489;0,012155295476072048
Firmicutes;Clostridia;Eubacteriales;Lachnospiraceae;Dorea;5076;Dorea formicigenerans;D. formicigenerans;18 uM;0,88700396640459434;0,01737051817651655;0,945681211041852210;0,008587400499548500;0,94568121104185221;0,008587400499548500
Firmicutes;Clostridia;Eubacteriales;Lachnospiraceae;Dorea;5076;Dorea formicigenerans;D. formicigenerans;24 uM;0,34774191754451772;0,07129223894902578;0,430394775897892545;0,120046496059348751;0,43039477589789255;0,120046496059348751
Firmicutes;Clostridia;Eubacteriales;Lachnospiraceae;Dorea;5076;Dorea formicigenerans;D. formicigenerans;30 uM;0,55931151098434351;0,05108072945795306;0,745028198278420928;0,033677424690957608;0,74502819827842093;0,033677424690957608
Firmicutes;Clostridia;Eubacteriales;Lachnospiraceae;Dorea;5076;Dorea formicigenerans;D. formicigenerans;36 uM;0,52947503721429268;0,03310565991500536;0,656871475215197398;0,030876828638785079;0,65687147521519740;0,030876828638785079
Firmicutes;Clostridia;Eubacteriales;Lachnospiraceae;Dorea;5076;Dorea formicigenerans;D. formicigenerans;42 uM;0,04652751006627989;0,01831674599047694;0,073612347877708512;0,031974432791915065;0,07361234787770851;0,031974432791915065
Firmicutes;Clostridia;Eubacteriales;Lachnospiraceae;Dorea;5076;Dorea formicigenerans;D. formicigenerans;48 uM;0,00824011140649610;0,00329399602155964;0,000296823983377857;0,000514114220115429;-0,00534283170080143;0,002355967329532140
Firmicutes;Clostridia;Eubacteriales;Lachnospiraceae;Dorea;5076;Dorea formicigenerans;D. formicigenerans;54 uM;0,00745360344623048;0,00148767361921321;0,000890471950133572;0,001542342660346286;-0,00445235975066785;0,002355967329532143
Firmicutes;Clostridia;Eubacteriales;Lachnospiraceae;Dorea;5076;Dorea formicigenerans;D. formicigenerans;60 uM;0,01116542768269692;0,00312064039140225;0,000000000000000000;0,000000000000000000;-0,01157613535173642;0,003210642275568997
Firmicutes;Clostridia;Eubacteriales;Lachnospiraceae;Dorea;5076;Dorea formicigenerans;D. formicigenerans;70 uM;0,00536101155075116;0,00411385147578903;0,000000000000000000;0,000000000000000000;-0,00415553576729000;0,002240971930920378
Firmicutes;Clostridia;Eubacteriales;Lachnospiraceae;Dorea;5076;Dorea formicigenerans;D. formicigenerans;80 uM;0,00538367365698485;0,00200105536593904;0,002077767883645000;0,003598799540808000;-0,00326506381715642;0,000514114220115432
Firmicutes;Clostridia;Eubacteriales;Lachnospiraceae;Enterocloster;5026;Enterocloster bolteae;E. bolteae;17.4 uM Zn;0,98492019003262499;0,06039130532604617;0,906754529403972720;0,076478027654797762;0,90675452940397272;0,076478027654797762
Firmicutes;Clostridia;Eubacteriales;Lachnospiraceae;Enterocloster;5026;Enterocloster bolteae;E. bolteae;0 uM;1,00000000000000000;0,00000000000000000;1,000288385431952198;0,018600807190421335;1,00028838543195220;0,018600807190421335
Firmicutes;Clostridia;Eubacteriales;Lachnospiraceae;Enterocloster;5026;Enterocloster bolteae;E. bolteae;18 uM;0,97865090246732944;0,04509558842486300;0,985371554589457466;0,048508063732807548;0,98537155458945747;0,048508063732807548
Firmicutes;Clostridia;Eubacteriales;Lachnospiraceae;Enterocloster;5026;Enterocloster bolteae;E. bolteae;24 uM;0,93088136322799098;0,04409659535699604;0,942461326821532608;0,035791800473393448;0,94246132682153261;0,035791800473393448
Firmicutes;Clostridia;Eubacteriales;Lachnospiraceae;Enterocloster;5026;Enterocloster bolteae;E. bolteae;30 uM;0,80684740443860570;0,04973257616981603;0,835633290411242347;0,038540740731832265;0,83563329041124235;0,038540740731832265
Firmicutes;Clostridia;Eubacteriales;Lachnospiraceae;Enterocloster;5026;Enterocloster bolteae;E. bolteae;36 uM;0,54305748088191419;0,16021260412091920;0,672220024629884727;0,133900663649005963;0,67222002462988473;0,133900663649005963
Firmicutes;Clostridia;Eubacteriales;Lachnospiraceae;Enterocloster;5026;Enterocloster bolteae;E. bolteae;42 uM;0,29463004878327581;0,33965997642357104;0,374239636561758016;0,299863709252181088;0,36584411417369828;0,309868418825606451
Firmicutes;Clostridia;Eubacteriales;Lachnospiraceae;Enterocloster;5026;Enterocloster bolteae;E. bolteae;48 uM;0,01183294850068958;0,00894523313187030;0,016339117752099414;0,024888737782814360;-0,00122795094056484;0,026636460029966235
Firmicutes;Clostridia;Eubacteriales;Lachnospiraceae;Enterocloster;5026;Enterocloster bolteae;E. bolteae;54 uM;0,00804228816554566;0,00450280001589795;0,011388888888888889;0,025147711772791723;-0,00620854063018242;0,005789046349688120
Firmicutes;Clostridia;Eubacteriales;Lachnospiraceae;Enterocloster;5026;Enterocloster bolteae;E. bolteae;60 uM;0,00547404168042653;0,00407267030230775;0,007877280265339966;0,023631840796019900;-0,00512514925607170;0,001405062845861538
Firmicutes;Clostridia;Eubacteriales;Lachnospiraceae;Enterocloster;5026;Enterocloster bolteae;E. bolteae;70 uM;0,00728126211299763;0,00551046572288394;0,008159203980099502;0,020989792679957688;-0,00496356537006378;0,003611077431956273
Firmicutes;Clostridia;Eubacteriales;Lachnospiraceae;Enterocloster;5026;Enterocloster bolteae;E. bolteae;80 uM;0,00529284742226912;0,00429728679603561;0,008602819237147598;0,025808457711442790;-0,00418071932182160;0,002566814539182377
Firmicutes;Clostridia;Eubacteriales;Lachnospiraceae;Lacrimispora;5037;Lacrimispora saccharolytica;L. saccharolytica;17.4 uM Zn;0,91987384813666218;0,04187791628930743;0,977436716637994696;0,026880184867916428;0,97743671663799470;0,026880184867916428
Firmicutes;Clostridia;Eubacteriales;Lachnospiraceae;Lacrimispora;5037;Lacrimispora saccharolytica;L. saccharolytica;0 uM;1,00000000000000000;0,00000000000000000;0,998073782802217369;0,007767127998111962;0,99807378280221737;0,007767127998111962
Firmicutes;Clostridia;Eubacteriales;Lachnospiraceae;Lacrimispora;5037;Lacrimispora saccharolytica;L. saccharolytica;18 uM;0,92764598500413997;0,02127125764440467;0,975681712678517887;0,011076676144256855;0,97568171267851789;0,011076676144256855
Firmicutes;Clostridia;Eubacteriales;Lachnospiraceae;Lacrimispora;5037;Lacrimispora saccharolytica;L. saccharolytica;24 uM;0,84683610761606698;0,03726245907558919;0,955189918352857714;0,019648508536372705;0,95518991835285771;0,019648508536372705
Firmicutes;Clostridia;Eubacteriales;Lachnospiraceae;Lacrimispora;5037;Lacrimispora saccharolytica;L. saccharolytica;30 uM;0,55135348305350462;0,11807974565383224;0,780399770623412925;0,074094714404514705;0,78039977062341293;0,074094714404514705
Firmicutes;Clostridia;Eubacteriales;Lachnospiraceae;Lacrimispora;5037;Lacrimispora saccharolytica;L. saccharolytica;36 uM;0,39821038288858085;0,13007251381031854;0,657467027115589464;0,113750350554684118;0,65746702711558946;0,113750350554684118
Firmicutes;Clostridia;Eubacteriales;Lachnospiraceae;Lacrimispora;5037;Lacrimispora saccharolytica;L. saccharolytica;42 uM;0,23958851512962434;0,10932230848974743;0,428436143196526620;0,201157677037789834;0,42843614319652662;0,201157677037789834
Firmicutes;Clostridia;Eubacteriales;Lachnospiraceae;Lacrimispora;5037;Lacrimispora saccharolytica;L. saccharolytica;48 uM;0,13925244533815645;0,08259277906011023;0,191781218426585881;0,141802184873049908;0,19178121842658588;0,141802184873049908
Firmicutes;Clostridia;Eubacteriales;Lachnospiraceae;Lacrimispora;5037;Lacrimispora saccharolytica;L. saccharolytica;54 uM;0,15319927190363108;0,14441027276596990;0,262048824444990613;0,301926893150286479;0,26204882444499061;0,301926893150286479
Firmicutes;Clostridia;Eubacteriales;Lachnospiraceae;Lacrimispora;5037;Lacrimispora saccharolytica;L. saccharolytica;60 uM;0,01438459478860749;0,00794811637040935;0,016679500832855469;0,011095349278021187;0,01667950083285547;0,011095349278021187
Firmicutes;Clostridia;Eubacteriales;Lachnospiraceae;Lacrimispora;5037;Lacrimispora saccharolytica;L. saccharolytica;70 uM;0,00724411211744502;0,00258151674726905;0,005722945850741379;0,001890678464670942;0,00572294585074138;0,001890678464670942
Firmicutes;Clostridia;Eubacteriales;Lachnospiraceae;Lacrimispora;5037;Lacrimispora saccharolytica;L. saccharolytica;80 uM;0,00851691337307958;0,00329972833664369;0,007119958493760410;0,002628707043443645;0,00694901832282024;0,002954335664828937
Firmicutes;Clostridia;Eubacteriales;Lachnospiraceae;Mediterraneibacter;5046;Mediterraneibacter gnavus;M. gnavus;17.4 uM Zn;0,88084987678568083;0,11109545313660207;0,921310111298837664;0,039343112049923516;0,92131011129883766;0,039343112049923516
Firmicutes;Clostridia;Eubacteriales;Lachnospiraceae;Mediterraneibacter;5046;Mediterraneibacter gnavus;M. gnavus;0 uM;1,00000000000000000;0,00000000000000000;1,011861839732915103;0,024481389131442079;1,01186183973291510;0,024481389131442079
Firmicutes;Clostridia;Eubacteriales;Lachnospiraceae;Mediterraneibacter;5046;Mediterraneibacter gnavus;M. gnavus;18 uM;0,74383271635991255;0,15033107029099474;0,873473160854574160;0,065428759643535769;0,87347316085457416;0,065428759643535769
Firmicutes;Clostridia;Eubacteriales;Lachnospiraceae;Mediterraneibacter;5046;Mediterraneibacter gnavus;M. gnavus;24 uM;0,56473560410918200;0,13973138907197305;0,647390053400752841;0,061381376725353202;0,64739005340075284;0,061381376725353202
Firmicutes;Clostridia;Eubacteriales;Lachnospiraceae;Mediterraneibacter;5046;Mediterraneibacter gnavus;M. gnavus;30 uM;0,16163619340954360;0,09892407665417821;0,218807989246919743;0,113579302962235770;0,21880798924691974;0,113579302962235770
Firmicutes;Clostridia;Eubacteriales;Lachnospiraceae;Mediterraneibacter;5046;Mediterraneibacter gnavus;M. gnavus;36 uM;0,11317549639136261;0,07801380669424407;0,163073865639168120;0,109690438019585446;0,16307386563916812;0,109690438019585446
Firmicutes;Clostridia;Eubacteriales;Lachnospiraceae;Mediterraneibacter;5046;Mediterraneibacter gnavus;M. gnavus;42 uM;0,02225947454769825;0,01176917655824291;0,020602515872340604;0,012533035067600715;0,02060251587234060;0,012533035067600715
Firmicutes;Clostridia;Eubacteriales;Lachnospiraceae;Mediterraneibacter;5046;Mediterraneibacter gnavus;M. gnavus;48 uM;0,01758759838866730;0,01132921031411869;0,014928432659543862;0,011464752818406452;0,01433689169533209;0,012027312069819513
Firmicutes;Clostridia;Eubacteriales;Lachnospiraceae;Mediterraneibacter;5046;Mediterraneibacter gnavus;M. gnavus;54 uM;0,01751302803334683;0,01230373838236369;0,012144568965167964;0,013020488804803691;0,00977840510832088;0,015842720551984081
Firmicutes;Clostridia;Eubacteriales;Lachnospiraceae;Mediterraneibacter;5046;Mediterraneibacter gnavus;M. gnavus;60 uM;0,00830692251402115;0,00797010402810881;0,006151418280236454;0,009122369700113930;0,00541199207497174;0,009773689757680748
Firmicutes;Clostridia;Eubacteriales;Lachnospiraceae;Mediterraneibacter;5046;Mediterraneibacter gnavus;M. gnavus;70 uM;0,00757262781897254;0,00562277194702757;0,006182565342992465;0,005768005220991781;0,00573890961983364;0,006405770822412463
Firmicutes;Clostridia;Eubacteriales;Lachnospiraceae;Mediterraneibacter;5046;Mediterraneibacter gnavus;M. gnavus;80 uM;0,00778240690934824;0,00816332115861417;0,003857930903153403;0,005591303342561197;0,00311850469788869;0,006309905628465267
Firmicutes;Clostridia;Eubacteriales;Peptostreptococcaceae;Clostridioides;23006;Clostridioides difficile;C. difficile;17.4 uM Zn;0,93048690677345824;0,25732977752842379;1,189864483342744084;0,583356880812839984;1,18986448334274408;0,583356880812839984
Firmicutes;Clostridia;Eubacteriales;Peptostreptococcaceae;Clostridioides;23006;Clostridioides difficile;C. difficile;0 uM;1,00000000000000000;0,00000000000000000;1,041925465838509313;0,309450085112677964;0,96428571428571430;0,337184248083261195
Firmicutes;Clostridia;Eubacteriales;Peptostreptococcaceae;Clostridioides;23006;Clostridioides difficile;C. difficile;18 uM;0,58824578179393550;0,24611711404444975;0,558053359683794437;0,380794658721670065;0,36705957086391877;0,361783419118801464
Firmicutes;Clostridia;Eubacteriales;Peptostreptococcaceae;Clostridioides;23006;Clostridioides difficile;C. difficile;24 uM;0,42954022695854854;0,31481628362517650;0,449816487859966141;0,494282531125984859;0,20630999435347275;0,197300783841072858
Firmicutes;Clostridia;Eubacteriales;Peptostreptococcaceae;Clostridioides;23006;Clostridioides difficile;C. difficile;30 uM;0,29788795127718004;0,18526126390500297;0,252117447769621639;0,489133571732208061;-0,07114624505928860;0,215924400541984890
Firmicutes;Clostridia;Eubacteriales;Peptostreptococcaceae;Clostridioides;23006;Clostridioides difficile;C. difficile;36 uM;0,26387644947837113;0,11977873558493203;0,411525974025973740;0,453192317632500841;0,12807029926595134;0,306462135842304639
Firmicutes;Clostridia;Eubacteriales;Peptostreptococcaceae;Clostridioides;23006;Clostridioides difficile;C. difficile;42 uM;0,22222796498283226;0,11569475595554556;0,209909655561829417;0,407237666860144010;-0,22511998870694511;0,232423442900254407
Firmicutes;Clostridia;Eubacteriales;Peptostreptococcaceae;Clostridioides;23006;Clostridioides difficile;C. difficile;48 uM;0,26737335105709120;0,16135436375644108;0,201298701298701338;0,424667381473830041;-0,32322840203274983;0,260428999554715435
Firmicutes;Clostridia;Eubacteriales;Peptostreptococcaceae;Clostridioides;23006;Clostridioides difficile;C. difficile;54 uM;0,20283801011012156;0,18292918366809174;0,217532467532467438;0,443784970852090788;-0,25419960474308284;0,219849307953415590
Firmicutes;Clostridia;Eubacteriales;Peptostreptococcaceae;Clostridioides;23006;Clostridioides difficile;C. difficile;60 uM;0,21757300801575957;0,18119958683244936;0,262987012987012880;0,504432341753116242;-0,28292631281761699;0,265800890780394150
Firmicutes;Clostridia;Eubacteriales;Peptostreptococcaceae;Clostridioides;23006;Clostridioides difficile;C. difficile;70 uM;0,27688017087419831;0,21700602448592285;0,298701298701298634;0,511646146108062916;-0,29859542631281777;0,337892613838111922
Firmicutes;Clostridia;Eubacteriales;Peptostreptococcaceae;Clostridioides;23006;Clostridioides difficile;C. difficile;80 uM;0,25725159171018169;0,20959392161046372;0,256493506493506329;0,438488019685950803;-0,42920666290231535;0,451949242930019202
Firmicutes;Erysipelotrichia;Erysipelotrichales;Erysipelotrichaceae;Erysipelatoclostridium;5006;Thomasclavelia ramosa;T. ramosa;blank;0,00238945847822102;0,00166763128301769;0,000522466039707420;0,000904937726002549;-0,00162980729900660;0,003205035048066977
Firmicutes;Erysipelotrichia;Erysipelotrichales;Erysipelotrichaceae;Erysipelatoclostridium;5006;Thomasclavelia ramosa;T. ramosa;17.4 uM Zn;0,95891298923443080;0,03454090628903762;0,904170398401338393;0,036604180177312137;0,90417039840133839;0,036604180177312137
Firmicutes;Erysipelotrichia;Erysipelotrichales;Erysipelotrichaceae;Erysipelatoclostridium;5006;Thomasclavelia ramosa;T. ramosa;0 uM;1,00000000000000000;0,00000000000000000;1,001113432873256270;0,025736335219337037;1,00024265614041075;0,025612694214558737
Firmicutes;Erysipelotrichia;Erysipelotrichales;Erysipelotrichaceae;Erysipelatoclostridium;5006;Thomasclavelia ramosa;T. ramosa;18 uM;1,02027117075170293;0,04428410157609085;0,996574556514113086;0,037751676911844230;0,99657455651411309;0,037751676911844230
Firmicutes;Erysipelotrichia;Erysipelotrichales;Erysipelotrichaceae;Erysipelatoclostridium;5006;Thomasclavelia ramosa;T. ramosa;24 uM;0,94655067547684524;0,07777035802141326;0,873956368311440523;0,051248696851179956;0,84773641940563738;0,052207085557566556
Firmicutes;Erysipelotrichia;Erysipelotrichales;Erysipelotrichaceae;Erysipelatoclostridium;5006;Thomasclavelia ramosa;T. ramosa;30 uM;0,67653281878494353;0,20431220381845275;0,618878899354349032;0,164157433574219691;0,60678669906811011;0,151620318212764560
Firmicutes;Erysipelotrichia;Erysipelotrichales;Erysipelotrichaceae;Erysipelatoclostridium;5006;Thomasclavelia ramosa;T. ramosa;36 uM;0,37368761190963057;0,08738473872190722;0,355809184355846519;0,075753841752595946;0,35580918435584652;0,075753841752595946
Firmicutes;Erysipelotrichia;Erysipelotrichales;Erysipelotrichaceae;Erysipelatoclostridium;5006;Thomasclavelia ramosa;T. ramosa;42 uM;0,17449887987107926;0,13882809992598308;0,162533059706378491;0,124411783352912211;0,16253305970637849;0,124411783352912211
Firmicutes;Erysipelotrichia;Erysipelotrichales;Erysipelotrichaceae;Erysipelatoclostridium;5006;Thomasclavelia ramosa;T. ramosa;48 uM;0,06205101764632546;0,08622201106678590;0,051273437979477664;0,073938716536546711;0,04860546033533957;0,075921936243754123
Firmicutes;Erysipelotrichia;Erysipelotrichales;Erysipelotrichaceae;Erysipelatoclostridium;5006;Thomasclavelia ramosa;T. ramosa;54 uM;0,10260265419182885;0,14674035196416327;0,089512622751284354;0,132522513628053673;0,08808941084789773;0,133607992509186618
Firmicutes;Erysipelotrichia;Erysipelotrichales;Erysipelotrichaceae;Erysipelatoclostridium;5006;Thomasclavelia ramosa;T. ramosa;60 uM;0,00680942973695009;0,00332171174415268;0,002037037793175789;0,002739584300035936;-0,00429673627937520;0,003945615069831725
Firmicutes;Erysipelotrichia;Erysipelotrichales;Erysipelotrichaceae;Erysipelatoclostridium;5006;Thomasclavelia ramosa;T. ramosa;70 uM;0,00673060622823472;0,00372109917772479;0,000000000000000000;0,000000000000000000;-0,00584369382603852;0,004031897455137363
Firmicutes;Erysipelotrichia;Erysipelotrichales;Erysipelotrichaceae;Erysipelatoclostridium;5006;Thomasclavelia ramosa;T. ramosa;80 uM;0,02782563744373737;0,06134414174391637;0,021085018362695312;0,062072971002660869;-0,00844427237336359;0,009067357426028655
Proteobacteria;Gammaproteobacteria;Enterobacteriales;Enterobacteriaceae;Escherichia;12004;Escherichia coli BW25113;E. coli BW25113;blank;0,01710328921795775;0,01608934347150018;0,001205545509342979;0,002088066073018540;-0,00242654673034418;0,002101578990594804
Proteobacteria;Gammaproteobacteria;Enterobacteriales;Enterobacteriaceae;Escherichia;12004;Escherichia coli BW25113;E. coli BW25113;17.4 uM Zn;1,04360788770778745;0,09640207440655696;0,986661338152163836;0,099195901895039934;0,98666133815216384;0,099195901895039934
Proteobacteria;Gammaproteobacteria;Enterobacteriales;Enterobacteriaceae;Escherichia;12004;Escherichia coli BW25113;E. coli BW25113;0 uM;1,00000000000000000;0,00000000000000000;0,988839464986253969;0,043623923212584334;0,98883946498625397;0,043623923212584334
Proteobacteria;Gammaproteobacteria;Enterobacteriales;Enterobacteriaceae;Escherichia;12004;Escherichia coli BW25113;E. coli BW25113;18 uM;0,99534288910902524;0,09054536890988983;0,976636437494642129;0,095316480376120158;0,97663643749464213;0,095316480376120158
Proteobacteria;Gammaproteobacteria;Enterobacteriales;Enterobacteriaceae;Escherichia;12004;Escherichia coli BW25113;E. coli BW25113;24 uM;0,89435332159277448;0,06056283833765956;0,877807775479358288;0,083234352398499065;0,87780777547935829;0,083234352398499065
Proteobacteria;Gammaproteobacteria;Enterobacteriales;Enterobacteriaceae;Escherichia;12004;Escherichia coli BW25113;E. coli BW25113;30 uM;0,87310307253168706;0,09953431852428907;0,857218673166298295;0,155352039049783369;0,85721867316629830;0,155352039049783369
Proteobacteria;Gammaproteobacteria;Enterobacteriales;Enterobacteriaceae;Escherichia;12004;Escherichia coli BW25113;E. coli BW25113;36 uM;0,81209076376088341;0,10503511414142830;0,725573896849010080;0,132264371044142431;0,72557389684901008;0,132264371044142431
Proteobacteria;Gammaproteobacteria;Enterobacteriales;Enterobacteriaceae;Escherichia;12004;Escherichia coli BW25113;E. coli BW25113;42 uM;0,67960629729797950;0,13657051190308209;0,576296135659159714;0,167510860977261478;0,57629613565915971;0,167510860977261478
Proteobacteria;Gammaproteobacteria;Enterobacteriales;Enterobacteriaceae;Escherichia;12004;Escherichia coli BW25113;E. coli BW25113;48 uM;0,46335265706583695;0,18256972261913426;0,375253952660757895;0,162932672121996386;0,37525395266075789;0,162932672121996386
Proteobacteria;Gammaproteobacteria;Enterobacteriales;Enterobacteriaceae;Escherichia;12004;Escherichia coli BW25113;E. coli BW25113;54 uM;0,50619452360344519;0,24424593821203117;0,435963711553074007;0,247957940906481600;0,43596371155307401;0,247957940906481600
Proteobacteria;Gammaproteobacteria;Enterobacteriales;Enterobacteriaceae;Escherichia;12004;Escherichia coli BW25113;E. coli BW25113;60 uM;0,30350997634525712;0,12546778305081749;0,257022254574803655;0,115741601237462979;0,25702225457480365;0,115741601237462979
Proteobacteria;Gammaproteobacteria;Enterobacteriales;Enterobacteriaceae;Escherichia;12004;Escherichia coli BW25113;E. coli BW25113;70 uM;0,13712429758767480;0,12857801023661683;0,091350790291099201;0,102591708053539538;0,09092991487022378;0,102950527880676768
Proteobacteria;Gammaproteobacteria;Enterobacteriales;Enterobacteriaceae;Escherichia;12004;Escherichia coli BW25113;E. coli BW25113;80 uM;0,03550670677718367;0,03450208581586488;0,024661313129551429;0,034541153997875648;0,01853978183092107;0,037359039920910421
Proteobacteria;Gammaproteobacteria;Enterobacteriales;Enterobacteriaceae;Escherichia;12010;Escherichia coli Nissle 1917;E. coli Nissle 1917;17.4 uM Zn;0,94258815835213117;0,02706975514525811;0,989576624498178625;0,019940891030898879;0,98957662449817863;0,019940891030898879
Proteobacteria;Gammaproteobacteria;Enterobacteriales;Enterobacteriaceae;Escherichia;12010;Escherichia coli Nissle 1917;E. coli Nissle 1917;0 uM;1,00000000000000000;0,00000000000000000;1,000466713367113458;0,006741531438606402;1,00046671336711346;0,006741531438606402
Proteobacteria;Gammaproteobacteria;Enterobacteriales;Enterobacteriaceae;Escherichia;12010;Escherichia coli Nissle 1917;E. coli Nissle 1917;18 uM;0,92966740825482974;0,02427695439356845;0,990982835408791285;0,011586229261688060;0,99098283540879128;0,011586229261688060
Proteobacteria;Gammaproteobacteria;Enterobacteriales;Enterobacteriaceae;Escherichia;12010;Escherichia coli Nissle 1917;E. coli Nissle 1917;24 uM;0,88646230115544478;0,02648861253433448;0,984722711432416187;0,011021908435292044;0,98472271143241619;0,011021908435292044
Proteobacteria;Gammaproteobacteria;Enterobacteriales;Enterobacteriaceae;Escherichia;12010;Escherichia coli Nissle 1917;E. coli Nissle 1917;30 uM;0,62153079832011970;0,11847095827831697;0,845940446107448119;0,034571119738368600;0,84594044610744812;0,034571119738368600
Proteobacteria;Gammaproteobacteria;Enterobacteriales;Enterobacteriaceae;Escherichia;12010;Escherichia coli Nissle 1917;E. coli Nissle 1917;36 uM;0,49770230173887303;0,12773740352236765;0,777656714893523837;0,065693111997671319;0,77765671489352384;0,065693111997671319
Proteobacteria;Gammaproteobacteria;Enterobacteriales;Enterobacteriaceae;Escherichia;12010;Escherichia coli Nissle 1917;E. coli Nissle 1917;42 uM;0,34840735922903326;0,17102381108674136;0,625463019254790753;0,170077786587081059;0,62546301925479075;0,170077786587081059
Proteobacteria;Gammaproteobacteria;Enterobacteriales;Enterobacteriaceae;Escherichia;12010;Escherichia coli Nissle 1917;E. coli Nissle 1917;48 uM;0,20074518972206970;0,13346191083663286;0,279174618742603520;0,191852990590580585;0,27917461874260352;0,191852990590580585
Proteobacteria;Gammaproteobacteria;Enterobacteriales;Enterobacteriaceae;Escherichia;12010;Escherichia coli Nissle 1917;E. coli Nissle 1917;54 uM;0,10577479405489568;0,05298550598813626;0,143725068473876921;0,087015821963314588;0,14372506847387692;0,087015821963314588
Proteobacteria;Gammaproteobacteria;Enterobacteriales;Enterobacteriaceae;Escherichia;12010;Escherichia coli Nissle 1917;E. coli Nissle 1917;60 uM;0,02767607117736919;0,01480593158081630;0,034822368493893176;0,019041339308652254;0,03482236849389318;0,019041339308652254
Proteobacteria;Gammaproteobacteria;Enterobacteriales;Enterobacteriaceae;Escherichia;12010;Escherichia coli Nissle 1917;E. coli Nissle 1917;70 uM;0,01644537110095002;0,00502466311122889;0,014647539138992551;0,005219096390673771;0,01464753913899255;0,005219096390673771
Proteobacteria;Gammaproteobacteria;Enterobacteriales;Enterobacteriaceae;Escherichia;12010;Escherichia coli Nissle 1917;E. coli Nissle 1917;80 uM;0,01818719360901176;0,00793181875929600;0,015826256424265970;0,007605506377198312;0,01582625642426597;0,007605506377198312
Proteobacteria;Gammaproteobacteria;Enterobacteriales;Enterobacteriaceae;Escherichia;12016;Escherichia coli O83:H1;E. coli O83:H1;17.4 uM Zn;1,01283230778847422;0,03917430797967331;0,999857804859766941;0,027616783548013422;0,99985780485976694;0,027616783548013422
Proteobacteria;Gammaproteobacteria;Enterobacteriales;Enterobacteriaceae;Escherichia;12016;Escherichia coli O83:H1;E. coli O83:H1;0 uM;1,00000000000000000;0,00000000000000000;0,999502133294532746;0,010135290635138997;0,99950213329453275;0,010135290635138997
Proteobacteria;Gammaproteobacteria;Enterobacteriales;Enterobacteriaceae;Escherichia;12016;Escherichia coli O83:H1;E. coli O83:H1;18 uM;1,00644502906575894;0,02385950332165855;1,001234746172488865;0,008456258413327082;1,00123474617248887;0,008456258413327082
Proteobacteria;Gammaproteobacteria;Enterobacteriales;Enterobacteriaceae;Escherichia;12016;Escherichia coli O83:H1;E. coli O83:H1;24 uM;0,99572251539568213;0,05243294233271989;0,991084327964456335;0,021725742536217462;0,99108432796445634;0,021725742536217462
Proteobacteria;Gammaproteobacteria;Enterobacteriales;Enterobacteriaceae;Escherichia;12016;Escherichia coli O83:H1;E. coli O83:H1;30 uM;0,93026631508670832;0,07139100284446459;0,930099514552404916;0,026977423275749375;0,93009951455240492;0,026977423275749375
Proteobacteria;Gammaproteobacteria;Enterobacteriales;Enterobacteriaceae;Escherichia;12016;Escherichia coli O83:H1;E. coli O83:H1;36 uM;0,86590456308065034;0,06860700479219023;0,871939313906611169;0,032540575383765563;0,87193931390661117;0,032540575383765563
Proteobacteria;Gammaproteobacteria;Enterobacteriales;Enterobacteriaceae;Escherichia;12016;Escherichia coli O83:H1;E. coli O83:H1;42 uM;0,81631782675905795;0,04602595622818354;0,840882168361985483;0,011928258217343926;0,84088216836198548;0,011928258217343926
Proteobacteria;Gammaproteobacteria;Enterobacteriales;Enterobacteriaceae;Escherichia;12016;Escherichia coli O83:H1;E. coli O83:H1;48 uM;0,72818064937141735;0,15592899350979181;0,785539231896390744;0,073581622947584843;0,78553923189639074;0,073581622947584843
Proteobacteria;Gammaproteobacteria;Enterobacteriales;Enterobacteriaceae;Escherichia;12016;Escherichia coli O83:H1;E. coli O83:H1;54 uM;0,64869281787115218;0,19589324177060960;0,744244219969635634;0,104225910889363754;0,74288418040484827;0,102891068618583492
Proteobacteria;Gammaproteobacteria;Enterobacteriales;Enterobacteriaceae;Escherichia;12016;Escherichia coli O83:H1;E. coli O83:H1;60 uM;0,30690448683882132;0,11707984342383534;0,344555175388703450;0,127801211911912405;0,34455517538870345;0,127801211911912405
Proteobacteria;Gammaproteobacteria;Enterobacteriales;Enterobacteriaceae;Escherichia;12016;Escherichia coli O83:H1;E. coli O83:H1;70 uM;0,19264871488457111;0,13248560187143568;0,237932335689290037;0,133916893213536448;0,23793233568929004;0,133916893213536448
Proteobacteria;Gammaproteobacteria;Enterobacteriales;Enterobacteriaceae;Escherichia;12016;Escherichia coli O83:H1;E. coli O83:H1;80 uM;0,22149779874463768;0,13265835374527132;0,275927465046450437;0,152292350798888199;0,27592746504645044;0,152292350798888199
Proteobacteria;Gammaproteobacteria;Enterobacteriales;Enterobacteriaceae;Escherichia;12097;Escherichia coli UTI89;E. coli UTI89;17.4 uM Zn;0,98189627384122680;0,02904278040676442;0,980583091995515743;0,008612526608266459;0,98058309199551574;0,008612526608266459
Proteobacteria;Gammaproteobacteria;Enterobacteriales;Enterobacteriaceae;Escherichia;12097;Escherichia coli UTI89;E. coli UTI89;0 uM;1,00000000000000000;0,00000000000000000;0,997878540524006930;0,009538853808989604;0,99787854052400693;0,009538853808989604
Proteobacteria;Gammaproteobacteria;Enterobacteriales;Enterobacteriaceae;Escherichia;12097;Escherichia coli UTI89;E. coli UTI89;18 uM;0,97713947140588620;0,02106072636939082;0,995200324158273530;0,013074904191878494;0,99520032415827353;0,013074904191878494
Proteobacteria;Gammaproteobacteria;Enterobacteriales;Enterobacteriaceae;Escherichia;12097;Escherichia coli UTI89;E. coli UTI89;24 uM;0,96733826749134666;0,03703394643924876;0,971845910255746404;0,022626405774683861;0,97184591025574640;0,022626405774683861
Proteobacteria;Gammaproteobacteria;Enterobacteriales;Enterobacteriaceae;Escherichia;12097;Escherichia coli UTI89;E. coli UTI89;30 uM;0,90960804581496491;0,05071689814182282;0,866606740714873980;0,048001763941458539;0,86660674071487398;0,048001763941458539
Proteobacteria;Gammaproteobacteria;Enterobacteriales;Enterobacteriaceae;Escherichia;12097;Escherichia coli UTI89;E. coli UTI89;36 uM;0,86283797787666794;0,01939287566600240;0,832603811980857422;0,024408463835098149;0,83260381198085742;0,024408463835098149
Proteobacteria;Gammaproteobacteria;Enterobacteriales;Enterobacteriaceae;Escherichia;12097;Escherichia coli UTI89;E. coli UTI89;42 uM;0,79386936062186819;0,01355379538024923;0,803068432719716507;0,017566495642898264;0,80306843271971651;0,017566495642898264
Proteobacteria;Gammaproteobacteria;Enterobacteriales;Enterobacteriaceae;Escherichia;12097;Escherichia coli UTI89;E. coli UTI89;48 uM;0,65777328723507100;0,13434500386303863;0,712365253816882871;0,120356942993056756;0,71236525381688287;0,120356942993056756
Proteobacteria;Gammaproteobacteria;Enterobacteriales;Enterobacteriaceae;Escherichia;12097;Escherichia coli UTI89;E. coli UTI89;54 uM;0,61616942049571444;0,11401062128780592;0,703607233855518932;0,121231183463881176;0,70360723385551893;0,121231183463881176
Proteobacteria;Gammaproteobacteria;Enterobacteriales;Enterobacteriaceae;Escherichia;12097;Escherichia coli UTI89;E. coli UTI89;60 uM;0,29664063850739403;0,11011871054170815;0,337963090460647708;0,120369644949574015;0,33796309046064771;0,120369644949574015
Proteobacteria;Gammaproteobacteria;Enterobacteriales;Enterobacteriaceae;Escherichia;12097;Escherichia coli UTI89;E. coli UTI89;70 uM;0,19676163074183448;0,03300988182243383;0,221952396322044720;0,041476400259740580;0,22195239632204472;0,041476400259740580
Proteobacteria;Gammaproteobacteria;Enterobacteriales;Enterobacteriaceae;Escherichia;12097;Escherichia coli UTI89;E. coli UTI89;80 uM;0,21397838891403559;0,03722309276616420;0,233361368544236336;0,035365716330386439;0,23336136854423634;0,035365716330386439
Proteobacteria;Gammaproteobacteria;Enterobacteriales;Enterobacteriaceae;Escherichia;12194;Escherichia coli ETEC H10407;E. coli ETEC;17.4 uM Zn;0,75231569484216565;0,14688576469943510;0,821999694539036763;0,094420821319338613;0,82199969453903676;0,094420821319338613
Proteobacteria;Gammaproteobacteria;Enterobacteriales;Enterobacteriaceae;Escherichia;12194;Escherichia coli ETEC H10407;E. coli ETEC;0 uM;1,00000000000000000;0,00000000000000000;1,070769365659399730;0,210004959199355495;1,07076936565939973;0,210004959199355495
Proteobacteria;Gammaproteobacteria;Enterobacteriales;Enterobacteriaceae;Escherichia;12194;Escherichia coli ETEC H10407;E. coli ETEC;18 uM;1,01478971003934570;0,20364516730249047;1,066877566720593640;0,139853193743611326;1,06687756672059364;0,139853193743611326
Proteobacteria;Gammaproteobacteria;Enterobacteriales;Enterobacteriaceae;Escherichia;12194;Escherichia coli ETEC H10407;E. coli ETEC;24 uM;0,81596432692325682;0,13308264598869582;0,896054179724180000;0,064113726231443527;0,89605417972418000;0,064113726231443527
Proteobacteria;Gammaproteobacteria;Enterobacteriales;Enterobacteriaceae;Escherichia;12194;Escherichia coli ETEC H10407;E. coli ETEC;30 uM;0,53248821314254302;0,11074170527658125;0,573756566467928497;0,040092437448575706;0,57375656646792850;0,040092437448575706
Proteobacteria;Gammaproteobacteria;Enterobacteriales;Enterobacteriaceae;Escherichia;12194;Escherichia coli ETEC H10407;E. coli ETEC;36 uM;0,36226014762064113;0,07408403793291438;0,359872140074592783;0,048351025073261923;0,35987214007459278;0,048351025073261923
Proteobacteria;Gammaproteobacteria;Enterobacteriales;Enterobacteriaceae;Escherichia;12194;Escherichia coli ETEC H10407;E. coli ETEC;42 uM;0,25080638763560914;0,05986276527882547;0,264145010992823559;0,014006466391553654;0,26414501099282356;0,014006466391553654
Proteobacteria;Gammaproteobacteria;Enterobacteriales;Enterobacteriaceae;Escherichia;12194;Escherichia coli ETEC H10407;E. coli ETEC;48 uM;0,15946778024195651;0,04603957188712330;0,177450192892941588;0,034541710418102993;0,17745019289294159;0,034541710418102993
Proteobacteria;Gammaproteobacteria;Enterobacteriales;Enterobacteriaceae;Escherichia;12194;Escherichia coli ETEC H10407;E. coli ETEC;54 uM;0,10018007840660181;0,02988852953520486;0,111253785264713967;0,017748712760165264;0,11125378526471397;0,017748712760165264
Proteobacteria;Gammaproteobacteria;Enterobacteriales;Enterobacteriaceae;Escherichia;12194;Escherichia coli ETEC H10407;E. coli ETEC;60 uM;0,03193507514829064;0,00364101497065207;0,025519189359399338;0,006329182028423795;0,02551918935939934;0,006329182028423795
Proteobacteria;Gammaproteobacteria;Enterobacteriales;Enterobacteriaceae;Escherichia;12194;Escherichia coli ETEC H10407;E. coli ETEC;70 uM;0,00986196963200023;0,00966056770636759;0,004522047870635397;0,005109799750705545;0,00185774946921444;0,006679397018037522
Proteobacteria;Gammaproteobacteria;Enterobacteriales;Enterobacteriaceae;Escherichia;12194;Escherichia coli ETEC H10407;E. coli ETEC;80 uM;0,00477612633813019;0,00456181315819757;0,000296033155713440;0,000725130178443807;-0,00422601471492196;0,004557115902277051
Proteobacteria;Gammaproteobacteria;Enterobacteriales;Enterobacteriaceae;Escherichia;12195;Escherichia coli O127:H6;E. coli O127:H6;17.4 uM Zn;1,02329733908539255;0,06940354240017420;1,004411145405230021;0,039937125441988401;1,00441114540523002;0,039937125441988401
Proteobacteria;Gammaproteobacteria;Enterobacteriales;Enterobacteriaceae;Escherichia;12195;Escherichia coli O127:H6;E. coli O127:H6;0 uM;1,00000000000000000;0,00000000000000000;0,996283030978835416;0,019178617433917411;0,99628303097883542;0,019178617433917411
Proteobacteria;Gammaproteobacteria;Enterobacteriales;Enterobacteriaceae;Escherichia;12195;Escherichia coli O127:H6;E. coli O127:H6;18 uM;1,02052545673567430;0,02379716905162467;1,006116421357505342;0,012739288019746378;1,00611642135750534;0,012739288019746378
Proteobacteria;Gammaproteobacteria;Enterobacteriales;Enterobacteriaceae;Escherichia;12195;Escherichia coli O127:H6;E. coli O127:H6;24 uM;1,01066608437233718;0,03755755337224106;0,988519476781309026;0,016818039814940143;0,98851947678130903;0,016818039814940143
Proteobacteria;Gammaproteobacteria;Enterobacteriales;Enterobacteriaceae;Escherichia;12195;Escherichia coli O127:H6;E. coli O127:H6;30 uM;0,95861586647080388;0,04225351504770241;0,908688121409995664;0,013614170101763851;0,90868812140999566;0,013614170101763851
Proteobacteria;Gammaproteobacteria;Enterobacteriales;Enterobacteriaceae;Escherichia;12195;Escherichia coli O127:H6;E. coli O127:H6;36 uM;0,91251151923129770;0,03762010278548563;0,879186151255358039;0,017267293899931830;0,87918615125535804;0,017267293899931830
Proteobacteria;Gammaproteobacteria;Enterobacteriales;Enterobacteriaceae;Escherichia;12195;Escherichia coli O127:H6;E. coli O127:H6;42 uM;0,77660185230414058;0,05360124773376198;0,773240322774721101;0,036202093231884745;0,77272591948253999;0,035927053913590162
Proteobacteria;Gammaproteobacteria;Enterobacteriales;Enterobacteriaceae;Escherichia;12195;Escherichia coli O127:H6;E. coli O127:H6;48 uM;0,61213084441404886;0,10974097441216739;0,670051211101352684;0,077453981791204357;0,67005121110135268;0,077453981791204357
Proteobacteria;Gammaproteobacteria;Enterobacteriales;Enterobacteriaceae;Escherichia;12195;Escherichia coli O127:H6;E. coli O127:H6;54 uM;0,47202412191984644;0,11531627910677049;0,530832170062291886;0,113658246015389000;0,53083217006229189;0,113658246015389000
Proteobacteria;Gammaproteobacteria;Enterobacteriales;Enterobacteriaceae;Escherichia;12195;Escherichia coli O127:H6;E. coli O127:H6;60 uM;0,32983825905668956;0,06486694465877957;0,369768917657891716;0,061825197541315602;0,36976891765789172;0,061825197541315602
Proteobacteria;Gammaproteobacteria;Enterobacteriales;Enterobacteriaceae;Escherichia;12195;Escherichia coli O127:H6;E. coli O127:H6;70 uM;0,25003707034623857;0,06790379505901396;0,306949392484648254;0,072624816026449268;0,30694939248464825;0,072624816026449268
Proteobacteria;Gammaproteobacteria;Enterobacteriales;Enterobacteriaceae;Escherichia;12195;Escherichia coli O127:H6;E. coli O127:H6;80 uM;0,11439568644576692;0,04769400237248770;0,157762720032745191;0,061233698912072913;0,15767698615071502;0,061363490702334655
Proteobacteria;Gammaproteobacteria;Enterobacteriales;Enterobacteriaceae;Escherichia;5078;Escherichia coli ED1a;E. coli ED1a;17.4 uM Zn;1,03683781302139733;0,07648483734069146;1,019173656775776315;0,025146187446928852;1,01917365677577632;0,025146187446928852
Proteobacteria;Gammaproteobacteria;Enterobacteriales;Enterobacteriaceae;Escherichia;5078;Escherichia coli ED1a;E. coli ED1a;0 uM;1,00000000000000000;0,00000000000000000;1,000368289950636758;0,008353773114902669;1,00036828995063676;0,008353773114902669
Proteobacteria;Gammaproteobacteria;Enterobacteriales;Enterobacteriaceae;Escherichia;5078;Escherichia coli ED1a;E. coli ED1a;18 uM;0,98547048461104503;0,07542430054618113;0,993180184672459054;0,020841892239312352;0,99318018467245905;0,020841892239312352
Proteobacteria;Gammaproteobacteria;Enterobacteriales;Enterobacteriaceae;Escherichia;5078;Escherichia coli ED1a;E. coli ED1a;24 uM;0,96450478407254903;0,10116802367764849;0,976794033133572603;0,025142715897550683;0,97679403313357260;0,025142715897550683
Proteobacteria;Gammaproteobacteria;Enterobacteriales;Enterobacteriaceae;Escherichia;5078;Escherichia coli ED1a;E. coli ED1a;30 uM;0,91306248181570970;0,04892069066596724;0,887382777160482639;0,021297312245958013;0,88738277716048264;0,021297312245958013
Proteobacteria;Gammaproteobacteria;Enterobacteriales;Enterobacteriaceae;Escherichia;5078;Escherichia coli ED1a;E. coli ED1a;36 uM;0,85249221021590627;0,05948728814023753;0,833690618226197278;0,024135950705516402;0,83194802425059355;0,023556032737518603
Proteobacteria;Gammaproteobacteria;Enterobacteriales;Enterobacteriaceae;Escherichia;5078;Escherichia coli ED1a;E. coli ED1a;42 uM;0,72124862844891324;0,04218524332489457;0,768194680989939149;0,025458875867464714;0,76035300809972250;0,026503685870602818
Proteobacteria;Gammaproteobacteria;Enterobacteriales;Enterobacteriaceae;Escherichia;5078;Escherichia coli ED1a;E. coli ED1a;48 uM;0,35966200750789923;0,13952166203108551;0,407701718914127209;0,153654067970401625;0,40770171891412721;0,153654067970401625
Proteobacteria;Gammaproteobacteria;Enterobacteriales;Enterobacteriaceae;Escherichia;5078;Escherichia coli ED1a;E. coli ED1a;54 uM;0,47834498309350920;0,25163713226562573;0,518235380729460848;0,258980443924581194;0,51823538072946085;0,258980443924581194
Proteobacteria;Gammaproteobacteria;Enterobacteriales;Enterobacteriaceae;Escherichia;5078;Escherichia coli ED1a;E. coli ED1a;60 uM;0,18559255335152633;0,06878431734439160;0,192714784574096687;0,073785795418994313;0,19271478457409669;0,073785795418994313
Proteobacteria;Gammaproteobacteria;Enterobacteriales;Enterobacteriaceae;Escherichia;5078;Escherichia coli ED1a;E. coli ED1a;70 uM;0,18889546102214474;0,04420434561163430;0,188767004711682701;0,042696964466398785;0,18876700471168270;0,042696964466398785
Proteobacteria;Gammaproteobacteria;Enterobacteriales;Enterobacteriaceae;Escherichia;5078;Escherichia coli ED1a;E. coli ED1a;80 uM;0,19705566860641599;0,05902124990626971;0,184373614880659648;0,050027482257297147;0,18437361488065965;0,050027482257297147
Proteobacteria;Gammaproteobacteria;Enterobacteriales;Enterobacteriaceae;Klebsiella;HM02;Klebsiella pneumoniae;K. pneumoniae;17.4 uM Zn;1,01291207585402865;0,04294796823637107;1,002214581458551024;0,009084379332235871;1,00221458145855102;0,009084379332235871
Proteobacteria;Gammaproteobacteria;Enterobacteriales;Enterobacteriaceae;Klebsiella;HM02;Klebsiella pneumoniae;K. pneumoniae;0 uM;1,00000000000000000;0,00000000000000000;0,997732153355875506;0,009411177721959756;0,99773215335587551;0,009411177721959756
Proteobacteria;Gammaproteobacteria;Enterobacteriales;Enterobacteriaceae;Klebsiella;HM02;Klebsiella pneumoniae;K. pneumoniae;18 uM;0,98315970088606142;0,03550861919137090;0,996140106998013031;0,014137572331277742;0,99614010699801303;0,014137572331277742
Proteobacteria;Gammaproteobacteria;Enterobacteriales;Enterobacteriaceae;Klebsiella;HM02;Klebsiella pneumoniae;K. pneumoniae;24 uM;0,96678975747774054;0,05819564026828865;0,986794165978924886;0,011320492906932513;0,98679416597892489;0,011320492906932513
Proteobacteria;Gammaproteobacteria;Enterobacteriales;Enterobacteriaceae;Klebsiella;HM02;Klebsiella pneumoniae;K. pneumoniae;30 uM;0,95291658420728831;0,04785015606571250;0,948642310655594678;0,017644314839598382;0,94864231065559468;0,017644314839598382
Proteobacteria;Gammaproteobacteria;Enterobacteriales;Enterobacteriaceae;Klebsiella;HM02;Klebsiella pneumoniae;K. pneumoniae;36 uM;0,83546392344116327;0,06451547320552069;0,851256061805031883;0,046140709583782531;0,85125606180503188;0,046140709583782531
Proteobacteria;Gammaproteobacteria;Enterobacteriales;Enterobacteriaceae;Klebsiella;HM02;Klebsiella pneumoniae;K. pneumoniae;42 uM;0,70576974264277348;0,09305991820435168;0,723848158856963630;0,081894423966635072;0,72384815885696363;0,081894423966635072
Proteobacteria;Gammaproteobacteria;Enterobacteriales;Enterobacteriaceae;Klebsiella;HM02;Klebsiella pneumoniae;K. pneumoniae;48 uM;0,56425863234710205;0,14019865199889445;0,604557362200986770;0,123992695503502781;0,60455736220098677;0,123992695503502781
Proteobacteria;Gammaproteobacteria;Enterobacteriales;Enterobacteriaceae;Klebsiella;HM02;Klebsiella pneumoniae;K. pneumoniae;54 uM;0,48084670231064980;0,26716684067334112;0,501725398985630955;0,243874286276583918;0,50172539898563095;0,243874286276583918
Proteobacteria;Gammaproteobacteria;Enterobacteriales;Enterobacteriaceae;Klebsiella;HM02;Klebsiella pneumoniae;K. pneumoniae;60 uM;0,26713094519528530;0,02648100727556827;0,301998791827423396;0,029246230158602962;0,30199879182742340;0,029246230158602962
Proteobacteria;Gammaproteobacteria;Enterobacteriales;Enterobacteriaceae;Klebsiella;HM02;Klebsiella pneumoniae;K. pneumoniae;70 uM;0,21277828446103444;0,03118123216273869;0,253700241941883342;0,039911756845463012;0,25370024194188334;0,039911756845463012
Proteobacteria;Gammaproteobacteria;Enterobacteriales;Enterobacteriaceae;Klebsiella;HM02;Klebsiella pneumoniae;K. pneumoniae;80 uM;0,17893424389244333;0,02415044488078514;0,224049536537924865;0,030427723319664403;0,22404953653792486;0,030427723319664403
Proteobacteria;Gammaproteobacteria;Enterobacteriales;Enterobacteriaceae;Salmonella;14002;Salmonella enterica serovar Typhimurium;S. enterica;17.4 uM Zn;1,03007723155436715;0,06108376417412114;1,013198415851653600;0,008441129459766735;1,01319841585165360;0,008441129459766735
Proteobacteria;Gammaproteobacteria;Enterobacteriales;Enterobacteriaceae;Salmonella;14002;Salmonella enterica serovar Typhimurium;S. enterica;0 uM;1,00000000000000000;0,00000000000000000;0,999320885230155831;0,006282567004040067;0,99932088523015583;0,006282567004040067
Proteobacteria;Gammaproteobacteria;Enterobacteriales;Enterobacteriaceae;Salmonella;14002;Salmonella enterica serovar Typhimurium;S. enterica;18 uM;0,97123405114947137;0,03474044859992074;0,996171604315292947;0,011510643537897517;0,99617160431529295;0,011510643537897517
Proteobacteria;Gammaproteobacteria;Enterobacteriales;Enterobacteriaceae;Salmonella;14002;Salmonella enterica serovar Typhimurium;S. enterica;24 uM;0,96570452784602201;0,05962477707422491;0,990913515534881606;0,012491857888387489;0,99091351553488161;0,012491857888387489
Proteobacteria;Gammaproteobacteria;Enterobacteriales;Enterobacteriaceae;Salmonella;14002;Salmonella enterica serovar Typhimurium;S. enterica;30 uM;0,95913642416679301;0,03711101262880029;0,954770914924788716;0,015377299645224152;0,95477091492478872;0,015377299645224152
Proteobacteria;Gammaproteobacteria;Enterobacteriales;Enterobacteriaceae;Salmonella;14002;Salmonella enterica serovar Typhimurium;S. enterica;36 uM;0,94258223407433495;0,06120384429244560;0,907491065223625770;0,020696978608721221;0,90749106522362577;0,020696978608721221
Proteobacteria;Gammaproteobacteria;Enterobacteriales;Enterobacteriaceae;Salmonella;14002;Salmonella enterica serovar Typhimurium;S. enterica;42 uM;0,82000771096658742;0,03771735807123675;0,819585898482910302;0,040097419892517097;0,81958589848291030;0,040097419892517097
Proteobacteria;Gammaproteobacteria;Enterobacteriales;Enterobacteriaceae;Salmonella;14002;Salmonella enterica serovar Typhimurium;S. enterica;48 uM;0,67879273425694442;0,05345915861566270;0,696372462325899111;0,068432621015781736;0,69637246232589911;0,068432621015781736
Proteobacteria;Gammaproteobacteria;Enterobacteriales;Enterobacteriaceae;Salmonella;14002;Salmonella enterica serovar Typhimurium;S. enterica;54 uM;0,58334841325368059;0,19254062147471568;0,587784977503871486;0,207746906701951617;0,58693744805222314;0,208906052857050967
Proteobacteria;Gammaproteobacteria;Enterobacteriales;Enterobacteriaceae;Salmonella;14002;Salmonella enterica serovar Typhimurium;S. enterica;60 uM;0,35628089662850648;0,02544042519341674;0,357698939542808847;0,044375695099655339;0,35769893954280885;0,044375695099655339
Proteobacteria;Gammaproteobacteria;Enterobacteriales;Enterobacteriaceae;Salmonella;14002;Salmonella enterica serovar Typhimurium;S. enterica;70 uM;0,33173203198457563;0,02592859051430967;0,331480702400116345;0,040248829683695746;0,33148070240011634;0,040248829683695746
Proteobacteria;Gammaproteobacteria;Enterobacteriales;Enterobacteriaceae;Salmonella;14002;Salmonella enterica serovar Typhimurium;S. enterica;80 uM;0,32584353246759712;0,05352902256423591;0,320740471886646006;0,039852795615759787;0,32074047188664601;0,039852795615759787
