Phylum;Class;Order;Family;Genus;strain;name;short;conc;TPEN_conc;AUCsmean;sdAUC;maxODmean;sdmax;finalODmean;sdfinal
Bacteroidetes;Bacteroidia;Bacteroidales;Bacteroidaceae;Bacteroides;5002;Bacteroides uniformis;B. uniformis;blank;blank;0,00460107645976519;0,001857449760821119;0,001057666278262303;0,001520119147882927;-0,004640983616839802;0,001751833913071947
Bacteroidetes;Bacteroidia;Bacteroidales;Bacteroidaceae;Bacteroides;5002;Bacteroides uniformis;B. uniformis;0 µM;0;1,00000000000000000;0,000000000000000000;0,999129179760601671;0,004993436527622554;0,999129179760601671;0,004993436527622554
Bacteroidetes;Bacteroidia;Bacteroidales;Bacteroidaceae;Bacteroides;5002;Bacteroides uniformis;B. uniformis;54 µM;54;1,00739024805320110;0,017788036285211618;1,004969629288503530;0,006362379357751248;1,004969629288503530;0,006362379357751248
Bacteroidetes;Bacteroidia;Bacteroidales;Bacteroidaceae;Bacteroides;5002;Bacteroides uniformis;B. uniformis;60 µM;60;0,99933430343197882;0,014184973958240404;1,002089911158886570;0,008653152038245382;1,002089911158886570;0,008653152038245382
Bacteroidetes;Bacteroidia;Bacteroidales;Bacteroidaceae;Bacteroides;5002;Bacteroides uniformis;B. uniformis;70 µM;70;1,00167165934251745;0,020852037822503409;0,991408788953423992;0,014381734639764186;0,991408788953423992;0,014381734639764186
Bacteroidetes;Bacteroidia;Bacteroidales;Bacteroidaceae;Bacteroides;5002;Bacteroides uniformis;B. uniformis;80 µM;80;0,88871595672647163;0,184785029632397457;0,914809802175082787;0,137869658352171298;0,914809802175082787;0,137869658352171298
Bacteroidetes;Bacteroidia;Bacteroidales;Bacteroidaceae;Bacteroides;5002;Bacteroides uniformis;B. uniformis;90 µM;90;0,04986987275976821;0,078257068246665548;0,047632995754584517;0,075041973708626086;0,046767177692604599;0,075551754819763867
Bacteroidetes;Bacteroidia;Bacteroidales;Bacteroidaceae;Bacteroides;5002;Bacteroides uniformis;B. uniformis;100 µM;100;0,00994105825354368;0,003261526299051824;0,007556917661973363;0,002693250396181528;0,006616296349715490;0,003702965175208936
Bacteroidetes;Bacteroidia;Bacteroidales;Bacteroidaceae;Bacteroides;5002;Bacteroides uniformis;B. uniformis;110 µM;110;0,00747627487968402;0,003717300518144704;0,006838865505417404;0,003653523644071143;0,005781650881767455;0,004253388305956760
Bacteroidetes;Bacteroidia;Bacteroidales;Bacteroidaceae;Bacteroides;5002;Bacteroides uniformis;B. uniformis;120 µM;120;0,00872558121938545;0,004685248184732683;0,005676612323364848;0,003839749465711398;0,003423484239570566;0,007951937560133656
Bacteroidetes;Bacteroidia;Bacteroidales;Bacteroidaceae;Bacteroides;5002;Bacteroides uniformis;B. uniformis;130 µM;130;0,00746342901509071;0,003620789253150193;0,005724146413489012;0,003158265080099405;0,005055630399822230;0,003294840112739665
Bacteroidetes;Bacteroidia;Bacteroidales;Bacteroidaceae;Bacteroides;5002;Bacteroides uniformis;B. uniformis;140 µM;140;0,00543765816851703;0,003747643326800534;0,005231117120012341;0,003665224553405847;0,004758999845433994;0,004373401211822349
Bacteroidetes;Bacteroidia;Bacteroidales;Bacteroidaceae;Bacteroides;5003;Bacteroides fragilis;B. fragilis;blank;blank;0,00473024563960766;0,002636110562862086;0,002077858677635918;0,003667007684194729;-0,001377096462252094;0,004954870877397485
Bacteroidetes;Bacteroidia;Bacteroidales;Bacteroidaceae;Bacteroides;5003;Bacteroides fragilis;B. fragilis;0 µM;0;1,00000000000000000;0,000000000000000000;0,997647208040003175;0,006448860245980018;0,997647208040003175;0,006448860245980018
Bacteroidetes;Bacteroidia;Bacteroidales;Bacteroidaceae;Bacteroides;5003;Bacteroides fragilis;B. fragilis;54 µM;54;0,98701468384489754;0,010008408042780486;0,991945415066477487;0,001877021081891000;0,991945415066477487;0,001877021081891000
Bacteroidetes;Bacteroidia;Bacteroidales;Bacteroidaceae;Bacteroides;5003;Bacteroides fragilis;B. fragilis;60 µM;60;0,99143673620946771;0,011752488317864546;0,990734786797824118;0,003428411704353157;0,990734786797824118;0,003428411704353157
Bacteroidetes;Bacteroidia;Bacteroidales;Bacteroidaceae;Bacteroides;5003;Bacteroides fragilis;B. fragilis;70 µM;70;1,01154875109946740;0,024131364742508599;1,007374308960202969;0,015994425528687382;1,007374308960202969;0,015994425528687382
Bacteroidetes;Bacteroidia;Bacteroidales;Bacteroidaceae;Bacteroides;5003;Bacteroides fragilis;B. fragilis;80 µM;80;0,91204444960488062;0,095165222967119253;0,947818787604911894;0,054328622918403652;0,947818787604911894;0,054328622918403652
Bacteroidetes;Bacteroidia;Bacteroidales;Bacteroidaceae;Bacteroides;5003;Bacteroides fragilis;B. fragilis;90 µM;90;0,06975234073685901;0,062979050140698101;0,093605408574254270;0,100146541710308637;0,092740689127674719;0,100500272704500848
Bacteroidetes;Bacteroidia;Bacteroidales;Bacteroidaceae;Bacteroides;5003;Bacteroides fragilis;B. fragilis;100 µM;100;0,03755580467782235;0,007113848332993323;0,041849441627736184;0,009628467508290595;0,039868834845238288;0,008184750836489381
Bacteroidetes;Bacteroidia;Bacteroidales;Bacteroidaceae;Bacteroides;5003;Bacteroides fragilis;B. fragilis;110 µM;110;0,03888829125315352;0,011881207850783070;0,044334383157561941;0,011745742821687459;0,043757903526508907;0,010627799168550195
Bacteroidetes;Bacteroidia;Bacteroidales;Bacteroidaceae;Bacteroides;5003;Bacteroides fragilis;B. fragilis;120 µM;120;0,03831134055703436;0,011172647913805140;0,045488514376297196;0,012678533074605454;0,044912034745244155;0,011541332558298797
Bacteroidetes;Bacteroidia;Bacteroidales;Bacteroidaceae;Bacteroides;5003;Bacteroides fragilis;B. fragilis;130 µM;130;0,03962938255465955;0,011758174314159469;0,049203759872223626;0,011772836783257615;0,048819440118188270;0,011475553244576541
Bacteroidetes;Bacteroidia;Bacteroidales;Bacteroidaceae;Bacteroides;5003;Bacteroides fragilis;B. fragilis;140 µM;140;0,03546510104446963;0,010463303452011227;0,045059339235148252;0,010980163148571649;0,044219473613647697;0,010963112314632609
Bacteroidetes;Bacteroidia;Bacteroidales;Bacteroidaceae;Bacteroides;5004;Bacteroides thetaiotaomicron;B. thetaiotaomicron;blank;blank;0,00417473350101538;0,001797507531959970;0,000581594774432768;0,000898826005803099;-0,002370568299613790;0,001788314009056654
Bacteroidetes;Bacteroidia;Bacteroidales;Bacteroidaceae;Bacteroides;5004;Bacteroides thetaiotaomicron;B. thetaiotaomicron;0 µM;0;1,00000000000000000;0,000000000000000000;1,000396713493860945;0,001594070729701565;1,000396713493860945;0,001594070729701565
Bacteroidetes;Bacteroidia;Bacteroidales;Bacteroidaceae;Bacteroides;5004;Bacteroides thetaiotaomicron;B. thetaiotaomicron;54 µM;54;0,99812145129757934;0,027289071226542217;1,002836259972364141;0,007184452825857167;1,002836259972364141;0,007184452825857167
Bacteroidetes;Bacteroidia;Bacteroidales;Bacteroidaceae;Bacteroides;5004;Bacteroides thetaiotaomicron;B. thetaiotaomicron;60 µM;60;0,98768679024559713;0,031460447078081231;1,001478594185618132;0,014241604660196862;1,001478594185618132;0,014241604660196862
Bacteroidetes;Bacteroidia;Bacteroidales;Bacteroidaceae;Bacteroides;5004;Bacteroides thetaiotaomicron;B. thetaiotaomicron;70 µM;70;0,98847273864780227;0,021344937372607346;1,001441444576473883;0,018024588068554288;1,001441444576473883;0,018024588068554288
Bacteroidetes;Bacteroidia;Bacteroidales;Bacteroidaceae;Bacteroides;5004;Bacteroides thetaiotaomicron;B. thetaiotaomicron;80 µM;80;0,81306425134542026;0,195025175014956170;0,900659241279832989;0,142150340858392316;0,900659241279832989;0,142150340858392316
Bacteroidetes;Bacteroidia;Bacteroidales;Bacteroidaceae;Bacteroides;5004;Bacteroides thetaiotaomicron;B. thetaiotaomicron;90 µM;90;0,05228673826661209;0,105544548820962328;0,075421199261272581;0,165379448286336411;0,074118071755258141;0,166098148415663588
Bacteroidetes;Bacteroidia;Bacteroidales;Bacteroidaceae;Bacteroides;5004;Bacteroides thetaiotaomicron;B. thetaiotaomicron;100 µM;100;0,00863207650528107;0,003713699496934673;0,005568822221070261;0,004726280329984604;0,003387384017710280;0,007301936373301687
Bacteroidetes;Bacteroidia;Bacteroidales;Bacteroidaceae;Bacteroides;5004;Bacteroides thetaiotaomicron;B. thetaiotaomicron;110 µM;110;0,00886323822121244;0,003725174580054011;0,004597859202049821;0,003660851643833347;0,001454441623908479;0,005503031451147706
Bacteroidetes;Bacteroidia;Bacteroidales;Bacteroidaceae;Bacteroides;5004;Bacteroides thetaiotaomicron;B. thetaiotaomicron;120 µM;120;0,00725100676239672;0,002902164976168249;0,004511823110335446;0,002505488740768404;0,002210538646145724;0,007985465208729144
Bacteroidetes;Bacteroidia;Bacteroidales;Bacteroidaceae;Bacteroides;5004;Bacteroides thetaiotaomicron;B. thetaiotaomicron;130 µM;130;0,00853926892620750;0,003899220737722143;0,005104039923973141;0,002555362155728688;0,004712061258669326;0,002451112885654206
Bacteroidetes;Bacteroidia;Bacteroidales;Bacteroidaceae;Bacteroides;5004;Bacteroides thetaiotaomicron;B. thetaiotaomicron;140 µM;140;0,00829178120155030;0,004878013237581275;0,005481814103605604;0,003736040269809005;0,005185341187130396;0,003980227139990537
Bacteroidetes;Bacteroidia;Bacteroidales;Bacteroidaceae;Phocaeicola;5001;Phocaeicola vulgatus;P. vulgatus;blank;blank;0,00290203026526825;0,002118586336859995;0,000548982559139603;0,000578856188008705;-0,001596169193934555;0,002477701172092468
Bacteroidetes;Bacteroidia;Bacteroidales;Bacteroidaceae;Phocaeicola;5001;Phocaeicola vulgatus;P. vulgatus;0 µM;0;1,00000000000000000;0,000000000000000000;0,999087903317751658;0,010045518541456678;0,999087903317751658;0,010045518541456678
Bacteroidetes;Bacteroidia;Bacteroidales;Bacteroidaceae;Phocaeicola;5001;Phocaeicola vulgatus;P. vulgatus;54 µM;54;1,00800441472689051;0,007240556948028257;1,010842262596845176;0,010447082049029706;1,010842262596845176;0,010447082049029706
Bacteroidetes;Bacteroidia;Bacteroidales;Bacteroidaceae;Phocaeicola;5001;Phocaeicola vulgatus;P. vulgatus;60 µM;60;0,99252756387128083;0,011327068119374457;1,010598189373794531;0,010849758970745669;1,010598189373794531;0,010849758970745669
Bacteroidetes;Bacteroidia;Bacteroidales;Bacteroidaceae;Phocaeicola;5001;Phocaeicola vulgatus;P. vulgatus;70 µM;70;0,98372594020640658;0,014895436352496096;1,011626744565127023;0,010839867930480720;1,011626744565127023;0,010839867930480720
Bacteroidetes;Bacteroidia;Bacteroidales;Bacteroidaceae;Phocaeicola;5001;Phocaeicola vulgatus;P. vulgatus;80 µM;80;0,77669401166080421;0,241472129112416750;0,868028436121531133;0,174855711252512425;0,868028436121531133;0,174855711252512425
Bacteroidetes;Bacteroidia;Bacteroidales;Bacteroidaceae;Phocaeicola;5001;Phocaeicola vulgatus;P. vulgatus;90 µM;90;0,04420110318145146;0,017947131559852090;0,054890211518117307;0,027939928549186522;0,054890211518117307;0,027939928549186522
Bacteroidetes;Bacteroidia;Bacteroidales;Bacteroidaceae;Phocaeicola;5001;Phocaeicola vulgatus;P. vulgatus;100 µM;100;0,03117648954654473;0,009060627724924388;0,039173824716936631;0,012457215525089545;0,039173824716936631;0,012457215525089545
Bacteroidetes;Bacteroidia;Bacteroidales;Bacteroidaceae;Phocaeicola;5001;Phocaeicola vulgatus;P. vulgatus;110 µM;110;0,02731644038325372;0,011327888086262774;0,033893459836225576;0,013139543327029792;0,033893459836225576;0,013139543327029792
Bacteroidetes;Bacteroidia;Bacteroidales;Bacteroidaceae;Phocaeicola;5001;Phocaeicola vulgatus;P. vulgatus;120 µM;120;0,02725140554818824;0,011222716165251584;0,034555242599342208;0,013581527491421937;0,034555242599342208;0,013581527491421937
Bacteroidetes;Bacteroidia;Bacteroidales;Bacteroidaceae;Phocaeicola;5001;Phocaeicola vulgatus;P. vulgatus;130 µM;130;0,02421806014054053;0,010731236837155041;0,033090459730456913;0,013622424800109502;0,033090459730456913;0,013622424800109502
Bacteroidetes;Bacteroidia;Bacteroidales;Bacteroidaceae;Phocaeicola;5001;Phocaeicola vulgatus;P. vulgatus;140 µM;140;0,02247623619878453;0,010588771496199297;0,031848740200942069;0,011943603872704378;0,031848740200942069;0,011943603872704378
Bacteroidetes;Bacteroidia;Bacteroidales;Porphyromonadaceae;Parabacteroides;5071;Parabacteroides merdae;P. merdae;blank;blank;0,00654120056698086;0,003454092880558344;0,008035714285714287;0,020579743818977970;-0,005960131180820142;0,006894846793835186
Bacteroidetes;Bacteroidia;Bacteroidales;Porphyromonadaceae;Parabacteroides;5071;Parabacteroides merdae;P. merdae;0 µM;0;1,00000000000000000;0,000000000000000000;1,005990017723102481;0,028317875838288816;1,005990017723102481;0,028317875838288816
Bacteroidetes;Bacteroidia;Bacteroidales;Porphyromonadaceae;Parabacteroides;5071;Parabacteroides merdae;P. merdae;54 µM;54;0,99846063538411922;0,023520805854477224;0,991261719397251606;0,012989783089247977;0,991261719397251606;0,012989783089247977
Bacteroidetes;Bacteroidia;Bacteroidales;Porphyromonadaceae;Parabacteroides;5071;Parabacteroides merdae;P. merdae;60 µM;60;1,01083966463164732;0,023852962027795351;0,999157559674321627;0,018814120813337158;0,999157559674321627;0,018814120813337158
Bacteroidetes;Bacteroidia;Bacteroidales;Porphyromonadaceae;Parabacteroides;5071;Parabacteroides merdae;P. merdae;70 µM;70;1,04236985907988178;0,023262623014623673;1,023820691626941004;0,026439765141998334;1,023820691626941004;0,026439765141998334
Bacteroidetes;Bacteroidia;Bacteroidales;Porphyromonadaceae;Parabacteroides;5071;Parabacteroides merdae;P. merdae;80 µM;80;0,67056725329182232;0,418538012986578722;0,694088867689187650;0,365648104577900313;0,694088867689187650;0,365648104577900313
Bacteroidetes;Bacteroidia;Bacteroidales;Porphyromonadaceae;Parabacteroides;5071;Parabacteroides merdae;P. merdae;90 µM;90;0,24822471078659264;0,373673137401293154;0,261176687220777304;0,353287143906264922;0,261079030970777282;0,353368516962491885
Bacteroidetes;Bacteroidia;Bacteroidales;Porphyromonadaceae;Parabacteroides;5071;Parabacteroides merdae;P. merdae;100 µM;100;0,01128377226379127;0,004695263822051490;0,017628753073443030;0,017267335762328022;0,009718596823443032;0,007411122306589754
Bacteroidetes;Bacteroidia;Bacteroidales;Porphyromonadaceae;Parabacteroides;5071;Parabacteroides merdae;P. merdae;110 µM;110;0,00884035064211420;0,005240061035234862;0,013730390538176210;0,022427827576842124;0,005228046138758089;0,003189552760496698
Bacteroidetes;Bacteroidia;Bacteroidales;Porphyromonadaceae;Parabacteroides;5071;Parabacteroides merdae;P. merdae;120 µM;120;0,00874959187977481;0,004421404418956917;0,013306432419871230;0,021966549629764642;0,005279867971616868;0,003030418359322228
Bacteroidetes;Bacteroidia;Bacteroidales;Porphyromonadaceae;Parabacteroides;5071;Parabacteroides merdae;P. merdae;130 µM;130;0,00827607791569696;0,004056751568351582;0,012573443353429225;0,019300747922068203;0,005132816405174863;0,004444018349315876
Bacteroidetes;Bacteroidia;Bacteroidales;Porphyromonadaceae;Parabacteroides;5071;Parabacteroides merdae;P. merdae;140 µM;140;0,01057815542292457;0,004961883318880650;0,015626829636708896;0,018480710223200518;0,009077610237290775;0,006553460152294971
Bacteroidetes;Bacteroidia;Bacteroidales;Prevotellaceae;Prevotella;5019;Segatella copri;S. copri;blank;blank;0,00432520178563338;0,003093480941474768;0,006982582581494167;0,017205027790642684;-0,002746759454776190;0,003136864304586677
Bacteroidetes;Bacteroidia;Bacteroidales;Prevotellaceae;Prevotella;5019;Segatella copri;S. copri;0 µM;0;1,00000000000000000;0,000000000000000000;1,000290311702534796;0,004660534475519916;1,000290311702534796;0,004660534475519916
Bacteroidetes;Bacteroidia;Bacteroidales;Prevotellaceae;Prevotella;5019;Segatella copri;S. copri;54 µM;54;1,00283232865781380;0,009183818132315764;1,007578914324396058;0,009088674270262574;1,007578914324396058;0,009088674270262574
Bacteroidetes;Bacteroidia;Bacteroidales;Prevotellaceae;Prevotella;5019;Segatella copri;S. copri;60 µM;60;1,00859322476977220;0,017228826723704689;1,007722921487878454;0,009996929643290452;1,007722921487878454;0,009996929643290452
Bacteroidetes;Bacteroidia;Bacteroidales;Prevotellaceae;Prevotella;5019;Segatella copri;S. copri;70 µM;70;0,98971888671282271;0,032051486759750204;0,984899891349113932;0,027900027927689017;0,984899891349113932;0,027900027927689017
Bacteroidetes;Bacteroidia;Bacteroidales;Prevotellaceae;Prevotella;5019;Segatella copri;S. copri;80 µM;80;0,77660936829633787;0,220679208578829722;0,782151943085336199;0,197835498237235230;0,782151943085336199;0,197835498237235230
Bacteroidetes;Bacteroidia;Bacteroidales;Prevotellaceae;Prevotella;5019;Segatella copri;S. copri;90 µM;90;0,00936594117447046;0,007503394323137819;0,014825057137360117;0,021899089191042040;0,005139256807559238;0,007502065818496329
Bacteroidetes;Bacteroidia;Bacteroidales;Prevotellaceae;Prevotella;5019;Segatella copri;S. copri;100 µM;100;0,00473418125036116;0,002997746719724867;0,010134622249037351;0,020622467508167212;0,000762298918919143;0,003304798544916616
Bacteroidetes;Bacteroidia;Bacteroidales;Prevotellaceae;Prevotella;5019;Segatella copri;S. copri;110 µM;110;0,00431058891083498;0,003137052659461489;0,008608280996215231;0,020571471723375742;0,000613790559068722;0,002386844149007563
Bacteroidetes;Bacteroidia;Bacteroidales;Prevotellaceae;Prevotella;5019;Segatella copri;S. copri;120 µM;120;0,00426265317732347;0,003939392015477300;0,008751768033946254;0,020608026509311751;-0,000451722961991176;0,004815081566397104
Bacteroidetes;Bacteroidia;Bacteroidales;Prevotellaceae;Prevotella;5019;Segatella copri;S. copri;130 µM;130;0,00509676395168912;0,002453395749693630;0,008636695373916370;0,017480331987793630;0,001529649019926265;0,003190088276511168
Bacteroidetes;Bacteroidia;Bacteroidales;Prevotellaceae;Prevotella;5019;Segatella copri;S. copri;140 µM;140;0,00536039512605588;0,003337433607694651;0,009719195242233905;0,017911434593023492;0,002972251868776051;0,002805562549675516
Firmicutes;Bacilli;Lactobacillales;Enterococcaceae;Enterococcus;HM04;Enterococcus faecalis;E. faecalis;blank;blank;0,00459011689977942;0,006694041886950513;0,005456302417272102;0,014585652554675020;0,002783025347554353;0,015710896948784133
Firmicutes;Bacilli;Lactobacillales;Enterococcaceae;Enterococcus;HM04;Enterococcus faecalis;E. faecalis;0 µM;0;1,00000000000000000;0,000000000000000000;1,000699744958217119;0,017026161711337345;0,999881246902149967;0,016841675476511206
Firmicutes;Bacilli;Lactobacillales;Enterococcaceae;Enterococcus;HM04;Enterococcus faecalis;E. faecalis;54 µM;54;0,99245806244070689;0,027012627324378400;0,995309752384574198;0,031670400184921413;0,993877380786456821;0,031863245381769281
Firmicutes;Bacilli;Lactobacillales;Enterococcaceae;Enterococcus;HM04;Enterococcus faecalis;E. faecalis;60 µM;60;1,00026282695940272;0,024036265603070227;0,998008973178131531;0,021837677538487796;0,995041917724888259;0,026157389144552450
Firmicutes;Bacilli;Lactobacillales;Enterococcaceae;Enterococcus;HM04;Enterococcus faecalis;E. faecalis;70 µM;70;1,01484254784299144;0,025788917304998216;1,009573631158171114;0,021350997775132542;1,006401951190911026;0,027074011245829758
Firmicutes;Bacilli;Lactobacillales;Enterococcaceae;Enterococcus;HM04;Enterococcus faecalis;E. faecalis;80 µM;80;1,00638916053449101;0,020106009735206723;1,025736109757064529;0,024911738702117440;1,024610674929972154;0,025090725506355799
Firmicutes;Bacilli;Lactobacillales;Enterococcaceae;Enterococcus;HM04;Enterococcus faecalis;E. faecalis;90 µM;90;0,44113247979355130;0,344664163641627941;0,659816442716812723;0,324656691535567477;0,659407193688779203;0,324108222402547830
Firmicutes;Bacilli;Lactobacillales;Enterococcaceae;Enterococcus;HM04;Enterococcus faecalis;E. faecalis;100 µM;100;0,01755867195584090;0,007076575069846100;0,046171665757582657;0,031114977272772990;0,046171665757582657;0,031114977272772990
Firmicutes;Bacilli;Lactobacillales;Enterococcaceae;Enterococcus;HM04;Enterococcus faecalis;E. faecalis;110 µM;110;0,01598151363343348;0,006936453916951839;0,040910699277314770;0,033251256921020815;0,040910699277314770;0,033251256921020815
Firmicutes;Bacilli;Lactobacillales;Enterococcaceae;Enterococcus;HM04;Enterococcus faecalis;E. faecalis;120 µM;120;0,01471688987990580;0,006354900501986512;0,038533965138333404;0,028732562022592469;0,038533965138333404;0,028732562022592469
Firmicutes;Bacilli;Lactobacillales;Enterococcaceae;Enterococcus;HM04;Enterococcus faecalis;E. faecalis;130 µM;130;0,01390682658272532;0,005838713252561161;0,037301922608247023;0,028668730680714221;0,037301922608247023;0,028668730680714221
Firmicutes;Bacilli;Lactobacillales;Enterococcaceae;Enterococcus;HM04;Enterococcus faecalis;E. faecalis;140 µM;140;0,01350107475689146;0,005184728638873627;0,035504711341475752;0,024703528824379407;0,035504711341475752;0,024703528824379407
Firmicutes;Bacilli;Lactobacillales;Lactobacillaceae;Lactobacillus;14073;Lactobacillus ruminis;L. ruminis;blank;blank;0,00382333265474838;0,003543553487905660;0,000419148928744683;0,000628765236846546;-0,006141395133458122;0,008847467963835015
Firmicutes;Bacilli;Lactobacillales;Lactobacillaceae;Lactobacillus;14073;Lactobacillus ruminis;L. ruminis;0 µM;0;1,00000000000000000;0,000000000000000000;0,988466540878198852;0,033501870545574124;0,988466540878198852;0,033501870545574124
Firmicutes;Bacilli;Lactobacillales;Lactobacillaceae;Lactobacillus;14073;Lactobacillus ruminis;L. ruminis;54 µM;54;0,99324976082316241;0,061454977011834541;0,982409602280321370;0,058230615471965015;0,982409602280321370;0,058230615471965015
Firmicutes;Bacilli;Lactobacillales;Lactobacillaceae;Lactobacillus;14073;Lactobacillus ruminis;L. ruminis;60 µM;60;1,00291843530961589;0,058648107175246628;1,011908711051833443;0,054818288304656015;1,011908711051833443;0,054818288304656015
Firmicutes;Bacilli;Lactobacillales;Lactobacillaceae;Lactobacillus;14073;Lactobacillus ruminis;L. ruminis;70 µM;70;0,94022873588386535;0,351799732750073424;0,954395796199808744;0,354088431135936355;0,954395796199808744;0,354088431135936355
Firmicutes;Bacilli;Lactobacillales;Lactobacillaceae;Lactobacillus;14073;Lactobacillus ruminis;L. ruminis;80 µM;80;0,26453743800273744;0,361384780877577416;0,324303891776548392;0,392212179731509292;0,324303891776548392;0,392212179731509292
Firmicutes;Bacilli;Lactobacillales;Lactobacillaceae;Lactobacillus;14073;Lactobacillus ruminis;L. ruminis;90 µM;90;0,13518394647780380;0,338197728056018887;0,140828620058923937;0,344134785907416252;0,140667822503046797;0,344196213977986054
Firmicutes;Bacilli;Lactobacillales;Lactobacillaceae;Lactobacillus;14073;Lactobacillus ruminis;L. ruminis;100 µM;100;0,02969342179071955;0,013731985891729900;0,033209219860031308;0,017834754916000388;0,030818221266501064;0,015765661340898223
Firmicutes;Bacilli;Lactobacillales;Lactobacillaceae;Lactobacillus;14073;Lactobacillus ruminis;L. ruminis;110 µM;110;0,02782863954539757;0,010154641962372778;0,034640257873437420;0,012270745529138342;0,034640257873437420;0,012270745529138342
Firmicutes;Bacilli;Lactobacillales;Lactobacillaceae;Lactobacillus;14073;Lactobacillus ruminis;L. ruminis;120 µM;120;0,02823614310465727;0,008846059430119785;0,035540381378350354;0,011075596676266534;0,035540381378350354;0,011075596676266534
Firmicutes;Bacilli;Lactobacillales;Lactobacillaceae;Lactobacillus;14073;Lactobacillus ruminis;L. ruminis;130 µM;130;0,02644996052361379;0,010408346567192256;0,035687643142433119;0,014714464145565610;0,035687643142433119;0,014714464145565610
Firmicutes;Bacilli;Lactobacillales;Lactobacillaceae;Lactobacillus;14073;Lactobacillus ruminis;L. ruminis;140 µM;140;0,02597715232665653;0,009300209861618546;0,035426633518767292;0,014887987614561874;0,035426633518767292;0,014887987614561874
Firmicutes;Bacilli;Lactobacillales;Lactobacillaceae;Lactobacillus;14076;Lactobacillus fermentum;L. fermentum;blank;blank;0,00615408323026945;0,005493629540931285;0,009071191323388465;0,024447819534768281;-0,002429366819878641;0,003262467667665140
Firmicutes;Bacilli;Lactobacillales;Lactobacillaceae;Lactobacillus;14076;Lactobacillus fermentum;L. fermentum;0 µM;0;1,00000000000000000;0,000000000000000000;0,991405300854419469;0,039821784136305736;0,991405300854419469;0,039821784136305736
Firmicutes;Bacilli;Lactobacillales;Lactobacillaceae;Lactobacillus;14076;Lactobacillus fermentum;L. fermentum;54 µM;54;0,97782502795731829;0,025365734706366713;0,964204666268893007;0,050927403987913455;0,964204666268893007;0,050927403987913455
Firmicutes;Bacilli;Lactobacillales;Lactobacillaceae;Lactobacillus;14076;Lactobacillus fermentum;L. fermentum;60 µM;60;0,97771532419601404;0,038026898766788289;0,975743627791324175;0,059166198496855567;0,975743627791324175;0,059166198496855567
Firmicutes;Bacilli;Lactobacillales;Lactobacillaceae;Lactobacillus;14076;Lactobacillus fermentum;L. fermentum;70 µM;70;0,63526245976267548;0,468118092160397681;0,634008608461464562;0,467806202022731987;0,633882489152598372;0,467993790630668094
Firmicutes;Bacilli;Lactobacillales;Lactobacillaceae;Lactobacillus;14076;Lactobacillus fermentum;L. fermentum;80 µM;80;0,33642432148551937;0,448348003175435494;0,372294256424799741;0,465946561777399570;0,372294256424799741;0,465946561777399570
Firmicutes;Bacilli;Lactobacillales;Lactobacillaceae;Lactobacillus;14076;Lactobacillus fermentum;L. fermentum;90 µM;90;0,17282749871907013;0,381909346528758908;0,176170657914456352;0,351367340515171489;0,169719045011230557;0,353003593894095358
Firmicutes;Bacilli;Lactobacillales;Lactobacillaceae;Lactobacillus;14076;Lactobacillus fermentum;L. fermentum;100 µM;100;0,04588369837710722;0,012574126637513122;0,061057709357804649;0,025997505865513755;0,053889250576442636;0,010303256875073599
Firmicutes;Bacilli;Lactobacillales;Lactobacillaceae;Lactobacillus;14076;Lactobacillus fermentum;L. fermentum;110 µM;110;0,04531844554909251;0,010599433395053710;0,062966977744423808;0,023987621377668078;0,056515364841197992;0,007310170363051088
Firmicutes;Bacilli;Lactobacillales;Lactobacillaceae;Lactobacillus;14076;Lactobacillus fermentum;L. fermentum;120 µM;120;0,04594469985086899;0,009432378641811259;0,064916100229558307;0,021986755769294174;0,058225538700287099;0,007113031557864174
Firmicutes;Bacilli;Lactobacillales;Lactobacillaceae;Lactobacillus;14076;Lactobacillus fermentum;L. fermentum;130 µM;130;0,04662020623157893;0,008636640266410065;0,065845325334729685;0,020141724280480420;0,059752135370571974;0,005976348588682011
Firmicutes;Bacilli;Lactobacillales;Lactobacillaceae;Lactobacillus;14076;Lactobacillus fermentum;L. fermentum;140 µM;140;0,04835792496855625;0,008353772158646119;0,067685937584602562;0,011337968628573461;0,063504336628808056;0,007926264348200178
Firmicutes;Bacilli;Lactobacillales;Lactobacillaceae;Lactobacillus;5007;Lactobacillus gasseri;L. gasseri;blank;blank;0,18444997760843790;0,522777401005009579;0,134967254671867404;0,398547178110456257;0,106800400922268363;0,365455460749714467
Firmicutes;Bacilli;Lactobacillales;Lactobacillaceae;Lactobacillus;5007;Lactobacillus gasseri;L. gasseri;0 µM;0;1,00000000000000000;0,000000000000000000;0,957893371293937590;0,212040021282955793;0,957893371293937590;0,212040021282955793
Firmicutes;Bacilli;Lactobacillales;Lactobacillaceae;Lactobacillus;5007;Lactobacillus gasseri;L. gasseri;54 µM;54;0,94041134097619239;0,177163768672491451;0,910317133506412746;0,266689563068749746;0,910317133506412746;0,266689563068749746
Firmicutes;Bacilli;Lactobacillales;Lactobacillaceae;Lactobacillus;5007;Lactobacillus gasseri;L. gasseri;60 µM;60;0,91271293977638090;0,165749841358682731;0,863576017005438512;0,220142025771466299;0,863576017005438512;0,220142025771466299
Firmicutes;Bacilli;Lactobacillales;Lactobacillaceae;Lactobacillus;5007;Lactobacillus gasseri;L. gasseri;70 µM;70;0,94614699372870426;0,517792878123349065;0,964836478038991308;0,652689269197500699;0,964333459930339365;0,653529457798963986
Firmicutes;Bacilli;Lactobacillales;Lactobacillaceae;Lactobacillus;5007;Lactobacillus gasseri;L. gasseri;80 µM;80;0,12433048858228547;0,268359267289501102;0,139293663093065512;0,276581732456888718;0,119165876677744212;0,276263230764404732
Firmicutes;Bacilli;Lactobacillales;Lactobacillaceae;Lactobacillus;5007;Lactobacillus gasseri;L. gasseri;90 µM;90;0,02660484198164088;0,016226340649253910;0,041762942198900553;0,051130000996158192;0,020837009957618592;0,020672781054927761
Firmicutes;Bacilli;Lactobacillales;Lactobacillaceae;Lactobacillus;5007;Lactobacillus gasseri;L. gasseri;100 µM;100;0,02885616074087920;0,016242257603501672;0,043055840523055597;0,053099495472409101;0,026424981925140437;0,019004717211393421
Firmicutes;Bacilli;Lactobacillales;Lactobacillaceae;Lactobacillus;5007;Lactobacillus gasseri;L. gasseri;110 µM;110;0,02685849736875778;0,018219755716568808;0,039547888009315094;0,057015347598058985;0,020500774190179320;0,022006873362540365
Firmicutes;Bacilli;Lactobacillales;Lactobacillaceae;Lactobacillus;5007;Lactobacillus gasseri;L. gasseri;120 µM;120;0,03475239725584006;0,017206307318047304;0,047090607614070697;0,050566366083164865;0,027377223732627631;0,024622434465751172
Firmicutes;Bacilli;Lactobacillales;Lactobacillaceae;Lactobacillus;5007;Lactobacillus gasseri;L. gasseri;130 µM;130;0,03189236680955290;0,019313160793374393;0,042754370272968939;0,051530802872027076;0,024154383661523761;0,023974879348352036
Firmicutes;Bacilli;Lactobacillales;Lactobacillaceae;Lactobacillus;5007;Lactobacillus gasseri;L. gasseri;140 µM;140;0,03903173614157685;0,012908620192287338;0,053896666819270515;0,048190091660846875;0,022771769320432438;0,020080334954371882
Firmicutes;Bacilli;Lactobacillales;Lactobacillaceae;Ligilactobacillus;14071;Lactobacillus murinus;L. murinus;blank;blank;0,03710084697956533;0,035503842497966141;0,000000000000000000;0,000000000000000000;-0,044142662892662929;0,040387920013206187
Firmicutes;Bacilli;Lactobacillales;Lactobacillaceae;Ligilactobacillus;14071;Lactobacillus murinus;L. murinus;0 µM;0;1,00000000000000000;0,000000000000000000;0,990278124653124703;0,101480119364125751;0,989484473859473912;0,103476767615023960
Firmicutes;Bacilli;Lactobacillales;Lactobacillaceae;Ligilactobacillus;14071;Lactobacillus murinus;L. murinus;54 µM;54;0,66229329181666408;0,475567307611269863;0,685442162004662014;0,520740329924738732;0,675158001720501777;0,532876898061420690
Firmicutes;Bacilli;Lactobacillales;Lactobacillaceae;Ligilactobacillus;14071;Lactobacillus murinus;L. murinus;60 µM;60;0,65373035242096433;0,477465697258081134;0,691210352147852092;0,514416817986378949;0,685654796592296556;0,523012972885814054
Firmicutes;Bacilli;Lactobacillales;Lactobacillaceae;Ligilactobacillus;14071;Lactobacillus murinus;L. murinus;70 µM;70;0,60271847151620617;0,439767972721580191;0,666145833333333326;0,489875989993735439;0,663764880952380953;0,493556627321893815
Firmicutes;Bacilli;Lactobacillales;Lactobacillaceae;Ligilactobacillus;14071;Lactobacillus murinus;L. murinus;80 µM;80;0,33469362500039312;0,378248414817163425;0,429632867132867191;0,501229983867492290;0,413016150516150538;0,517867539291628765
Firmicutes;Bacilli;Lactobacillales;Lactobacillaceae;Ligilactobacillus;14071;Lactobacillus murinus;L. murinus;90 µM;90;0,01870508016992909;0,013178820031154670;0,013457722832722823;0,015343043204835278;0,002396561771561752;0,035487958639047822
Firmicutes;Bacilli;Lactobacillales;Lactobacillaceae;Ligilactobacillus;14071;Lactobacillus murinus;L. murinus;100 µM;100;0,02048582950024793;0,014255765473385574;0,005621114996115001;0,011512230335659221;-0,008854513542013548;0,027447186623447719
Firmicutes;Bacilli;Lactobacillales;Lactobacillaceae;Ligilactobacillus;14071;Lactobacillus murinus;L. murinus;110 µM;110;0,02288740021156973;0,016335325966877156;0,007481580919080926;0,013331366437284485;-0,001347437284937285;0,023532486803099054
Firmicutes;Bacilli;Lactobacillales;Lactobacillaceae;Ligilactobacillus;14071;Lactobacillus murinus;L. murinus;120 µM;120;0,01344441443376652;0,008040977567520645;0,007911012598512583;0,012391617951388129;0,001611756299256280;0,018946237913754348
Firmicutes;Bacilli;Lactobacillales;Lactobacillaceae;Ligilactobacillus;14071;Lactobacillus murinus;L. murinus;130 µM;130;0,03102231949805204;0,018133124954402335;0,015277084027084040;0,017183429208147808;0,008200826950826958;0,018243942545077448
Firmicutes;Bacilli;Lactobacillales;Lactobacillaceae;Ligilactobacillus;14071;Lactobacillus murinus;L. murinus;140 µM;140;0,01493151449720279;0,008632022466939534;0,013639832389832402;0,012347607853630621;0,009671578421578430;0,020395366961211359
Firmicutes;Bacilli;Lactobacillales;Streptococcaceae;Streptococcus;5038;Streptococcus salivarius;S. salivarius;blank;blank;0,00100454181307109;0,000418752108439424;0,000000000000000000;0,000000000000000000;-0,001437765314249151;0,000595339147759029
Firmicutes;Bacilli;Lactobacillales;Streptococcaceae;Streptococcus;5038;Streptococcus salivarius;S. salivarius;0 µM;0;1,00000000000000000;0,000000000000000000;0,997785346113526650;0,028398456375888757;0,997785346113526650;0,028398456375888757
Firmicutes;Bacilli;Lactobacillales;Streptococcaceae;Streptococcus;5038;Streptococcus salivarius;S. salivarius;54 µM;54;0,98212328393964654;0,037592714584768032;0,997664971148692015;0,017858628549889406;0,997664971148692015;0,017858628549889406
Firmicutes;Bacilli;Lactobacillales;Streptococcaceae;Streptococcus;5038;Streptococcus salivarius;S. salivarius;60 µM;60;0,98416933754777725;0,046307948332960078;1,002883421540622155;0,013324424932031278;1,002883421540622155;0,013324424932031278
Firmicutes;Bacilli;Lactobacillales;Streptococcaceae;Streptococcus;5038;Streptococcus salivarius;S. salivarius;70 µM;70;0,96702398782716414;0,062980383081768190;0,988468183752354901;0,022254309266376560;0,988468183752354901;0,022254309266376560
Firmicutes;Bacilli;Lactobacillales;Streptococcaceae;Streptococcus;5038;Streptococcus salivarius;S. salivarius;80 µM;80;0,87916176550507585;0,194335961464827983;0,943604732195422735;0,085237108298163972;0,943604732195422735;0,085237108298163972
Firmicutes;Bacilli;Lactobacillales;Streptococcaceae;Streptococcus;5038;Streptococcus salivarius;S. salivarius;90 µM;90;0,00771767670478979;0,006877172357251000;0,014937901477464054;0,014940695267155201;0,014937901477464054;0,014940695267155201
Firmicutes;Bacilli;Lactobacillales;Streptococcaceae;Streptococcus;5038;Streptococcus salivarius;S. salivarius;100 µM;100;0,00648281221645376;0,006534083272758333;0,011801312101896094;0,015337102884189085;0,011449199425839759;0,015675351016238463
Firmicutes;Bacilli;Lactobacillales;Streptococcaceae;Streptococcus;5038;Streptococcus salivarius;S. salivarius;110 µM;110;0,00799130784292038;0,007702077167998670;0,015459055097972615;0,016783801691771266;0,015459055097972615;0,016783801691771266
Firmicutes;Bacilli;Lactobacillales;Streptococcaceae;Streptococcus;5038;Streptococcus salivarius;S. salivarius;120 µM;120;0,00895728581258297;0,008055747655706300;0,017487199436892170;0,016420184115761603;0,017487199436892170;0,016420184115761603
Firmicutes;Bacilli;Lactobacillales;Streptococcaceae;Streptococcus;5038;Streptococcus salivarius;S. salivarius;130 µM;130;0,00655571518472451;0,006939830112584693;0,012023056050022725;0,013097277217931849;0,012023056050022725;0,013097277217931849
Firmicutes;Bacilli;Lactobacillales;Streptococcaceae;Streptococcus;5038;Streptococcus salivarius;S. salivarius;140 µM;140;0,00983931717117409;0,008444532879806682;0,017617521577596384;0,015225447644445233;0,017617521577596384;0,015225447644445233
Firmicutes;Clostridia;Clostridiales;Lachnospiraceae;Roseburia;5011;Roseburia intestinalis;R. intestinalis;blank;blank;0,00677337181221426;0,002922294252114161;0,006902086677367578;0,012848613366794638;-0,002541351796286119;0,003636050976914714
Firmicutes;Clostridia;Clostridiales;Lachnospiraceae;Roseburia;5011;Roseburia intestinalis;R. intestinalis;0 µM;0;1,00000000000000000;0,000000000000000000;1,015409309791332371;0,065360133257766545;1,015409309791332371;0,065360133257766545
Firmicutes;Clostridia;Clostridiales;Lachnospiraceae;Roseburia;5011;Roseburia intestinalis;R. intestinalis;54 µM;54;1,08310487117193044;0,081973407786294930;1,069370679599140894;0,086700615838796471;1,069370679599140894;0,086700615838796471
Firmicutes;Clostridia;Clostridiales;Lachnospiraceae;Roseburia;5011;Roseburia intestinalis;R. intestinalis;60 µM;60;1,04508160112664061;0,030416673460240531;1,034979363510629469;0,062592010110513227;1,034979363510629469;0,062592010110513227
Firmicutes;Clostridia;Clostridiales;Lachnospiraceae;Roseburia;5011;Roseburia intestinalis;R. intestinalis;70 µM;70;1,01932449047722828;0,037090505259088184;1,018520066946937197;0,053685550674771716;1,018520066946937197;0,053685550674771716
Firmicutes;Clostridia;Clostridiales;Lachnospiraceae;Roseburia;5011;Roseburia intestinalis;R. intestinalis;80 µM;80;0,93844250031518117;0,151981971484938749;0,968523425259721016;0,141508147254546329;0,966918288823123806;0,144745896280307734
Firmicutes;Clostridia;Clostridiales;Lachnospiraceae;Roseburia;5011;Roseburia intestinalis;R. intestinalis;90 µM;90;0,10995014691467521;0,129984551180609115;0,186252849425591449;0,246475804529207837;0,186082055232593996;0,246615938194287815
Firmicutes;Clostridia;Clostridiales;Lachnospiraceae;Roseburia;5011;Roseburia intestinalis;R. intestinalis;100 µM;100;0,01908916688481775;0,009203516805787189;0,028194338021720743;0,017728277092922760;0,017719828986488620;0,011139773513053154
Firmicutes;Clostridia;Clostridiales;Lachnospiraceae;Roseburia;5011;Roseburia intestinalis;R. intestinalis;110 µM;110;0,02254023547272057;0,007907975745438179;0,031346902744632518;0,016118144694987988;0,020110947688452743;0,011217988499294243
Firmicutes;Clostridia;Clostridiales;Lachnospiraceae;Roseburia;5011;Roseburia intestinalis;R. intestinalis;120 µM;120;0,02123774512949081;0,008675408150586195;0,030735689818006857;0,023002858176650858;0,018044831419551956;0,011674754152528130
Firmicutes;Clostridia;Clostridiales;Lachnospiraceae;Roseburia;5011;Roseburia intestinalis;R. intestinalis;130 µM;130;0,02323309788547648;0,010551612858676484;0,032945733777635829;0,021162394654752319;0,021067724146817211;0,013171750239272712
Firmicutes;Clostridia;Clostridiales;Lachnospiraceae;Roseburia;5011;Roseburia intestinalis;R. intestinalis;140 µM;140;0,02837858811730654;0,008093665652671670;0,034178440180224874;0,019419489215678615;0,023553698050670764;0,009206951384104054
Firmicutes;Clostridia;Eubacteriales;Clostridiaceae;Clostridium;5032;Clostridium perfringens;C. perfringens;blank;blank;0,00201035608839337;0,001956534962511978;0,000000000000000000;0,000000000000000000;-0,003691334972902147;0,004430151389448502
Firmicutes;Clostridia;Eubacteriales;Clostridiaceae;Clostridium;5032;Clostridium perfringens;C. perfringens;0 µM;0;1,00000000000000000;0,000000000000000000;0,999292618960777368;0,011267232966434830;0,999292618960777368;0,011267232966434830
Firmicutes;Clostridia;Eubacteriales;Clostridiaceae;Clostridium;5032;Clostridium perfringens;C. perfringens;54 µM;54;0,99373445926118231;0,009698000714772174;1,000802028852870729;0,014800847991121234;1,000802028852870729;0,014800847991121234
Firmicutes;Clostridia;Eubacteriales;Clostridiaceae;Clostridium;5032;Clostridium perfringens;C. perfringens;60 µM;60;0,99248145207260341;0,017664302502767716;1,003720201514899379;0,014383308187125339;1,003720201514899379;0,014383308187125339
Firmicutes;Clostridia;Eubacteriales;Clostridiaceae;Clostridium;5032;Clostridium perfringens;C. perfringens;70 µM;70;0,87928106549739771;0,290431024499964774;0,902401025459522499;0,297026063659922901;0,902401025459522499;0,297026063659922901
Firmicutes;Clostridia;Eubacteriales;Clostridiaceae;Clostridium;5032;Clostridium perfringens;C. perfringens;80 µM;80;0,63373675569836918;0,428750463156999495;0,683155374657474335;0,422363187908498805;0,683155374657474335;0,422363187908498805
Firmicutes;Clostridia;Eubacteriales;Clostridiaceae;Clostridium;5032;Clostridium perfringens;C. perfringens;90 µM;90;0,42292508033793896;0,481382883472839418;0,439294947509905165;0,496466147087625487;0,439294947509905165;0,496466147087625487
Firmicutes;Clostridia;Eubacteriales;Clostridiaceae;Clostridium;5032;Clostridium perfringens;C. perfringens;100 µM;100;0,00898412081712154;0,011780088835430542;0,017896082370106193;0,030606015460718727;0,017896082370106193;0,030606015460718727
Firmicutes;Clostridia;Eubacteriales;Clostridiaceae;Clostridium;5032;Clostridium perfringens;C. perfringens;110 µM;110;0,00707129103392013;0,006855848033438200;0,009855568338391086;0,009559036106809974;0,009855568338391086;0,009559036106809974
Firmicutes;Clostridia;Eubacteriales;Clostridiaceae;Clostridium;5032;Clostridium perfringens;C. perfringens;120 µM;120;0,00750969554207840;0,006536905894029948;0,009894760973542981;0,009711206837145657;0,009565081586746640;0,010133100656721312
Firmicutes;Clostridia;Eubacteriales;Clostridiaceae;Clostridium;5032;Clostridium perfringens;C. perfringens;130 µM;130;0,00778633559911880;0,006957114832462980;0,009934788583735121;0,009923695543857846;0,009275429810142439;0,010847733643433421
Firmicutes;Clostridia;Eubacteriales;Clostridiaceae;Clostridium;5032;Clostridium perfringens;C. perfringens;140 µM;140;0,00741536323973109;0,007660615242040500;0,010606129946573487;0,011572925364448807;0,010606129946573487;0,011572925364448807
Firmicutes;Clostridia;Eubacteriales;Lachnospiraceae;Coprococcus;5048;Coprococcus comes;C. comes;blank;blank;0,00778652152876306;0,004634445025487199;0,000446030330062445;0,000963535637586659;-0,007768315638375389;0,005761821676302374
Firmicutes;Clostridia;Eubacteriales;Lachnospiraceae;Coprococcus;5048;Coprococcus comes;C. comes;0 µM;0;1,00000000000000000;0,000000000000000000;0,997361637346604324;0,012640262246229446;0,997361637346604324;0,012640262246229446
Firmicutes;Clostridia;Eubacteriales;Lachnospiraceae;Coprococcus;5048;Coprococcus comes;C. comes;54 µM;54;0,97388429650034847;0,022828730241787481;0,994112003485770557;0,019999025122976591;0,994112003485770557;0,019999025122976591
Firmicutes;Clostridia;Eubacteriales;Lachnospiraceae;Coprococcus;5048;Coprococcus comes;C. comes;60 µM;60;0,95742073012937612;0,031943959333594348;0,993093570699163486;0,013340506638227995;0,993093570699163486;0,013340506638227995
Firmicutes;Clostridia;Eubacteriales;Lachnospiraceae;Coprococcus;5048;Coprococcus comes;C. comes;70 µM;70;0,93094096018823769;0,098103223100958981;0,960301000170089458;0,048786486804878494;0,960301000170089458;0,048786486804878494
Firmicutes;Clostridia;Eubacteriales;Lachnospiraceae;Coprococcus;5048;Coprococcus comes;C. comes;80 µM;80;0,52543471164403355;0,306968875596451751;0,590558902751960435;0,330679402914008269;0,590558902751960435;0,330679402914008269
Firmicutes;Clostridia;Eubacteriales;Lachnospiraceae;Coprococcus;5048;Coprococcus comes;C. comes;90 µM;90;0,28628475120817876;0,348042814184994775;0,324562896698880443;0,388636224071632619;0,323914125309698708;0,389206629953302630
Firmicutes;Clostridia;Eubacteriales;Lachnospiraceae;Coprococcus;5048;Coprococcus comes;C. comes;100 µM;100;0,02400638130313182;0,013289640188975079;0,020091397044595283;0,014233808798666061;0,014757758723409366;0,024643067744064193
Firmicutes;Clostridia;Eubacteriales;Lachnospiraceae;Coprococcus;5048;Coprococcus comes;C. comes;110 µM;110;0,02645610328193562;0,009771175644845380;0,022607454991211143;0,012846234175184787;0,018247693970704120;0,024309406255496064
Firmicutes;Clostridia;Eubacteriales;Lachnospiraceae;Coprococcus;5048;Coprococcus comes;C. comes;120 µM;120;0,02486112107151022;0,009799893316172084;0,022931436647808230;0,010943461170287669;0,022931436647808230;0,010943461170287669
Firmicutes;Clostridia;Eubacteriales;Lachnospiraceae;Coprococcus;5048;Coprococcus comes;C. comes;130 µM;130;0,01993838922425596;0,009995836749340358;0,018421951799117348;0,009627938871487272;0,018421951799117348;0,009627938871487272
Firmicutes;Clostridia;Eubacteriales;Lachnospiraceae;Coprococcus;5048;Coprococcus comes;C. comes;140 µM;140;0,02439915646872778;0,006991332890814707;0,020941589339277793;0,009215084733654769;0,019569071980970028;0,012995135946538620
Firmicutes;Clostridia;Eubacteriales;Lachnospiraceae;Dorea;5076;Dorea formicigenerans;D. formicigenerans;blank;blank;0,01475933410068698;0,010912129112848112;0,002085505735140768;0,002646210123138583;-0,011530352447906839;0,010974431163769361
Firmicutes;Clostridia;Eubacteriales;Lachnospiraceae;Dorea;5076;Dorea formicigenerans;D. formicigenerans;0 µM;0;1,00000000000000000;0,000000000000000000;0,996301585622436203;0,027407829195642615;0,996301585622436203;0,027407829195642615
Firmicutes;Clostridia;Eubacteriales;Lachnospiraceae;Dorea;5076;Dorea formicigenerans;D. formicigenerans;54 µM;54;1,08731172296717449;0,072980200045377294;1,076293563392862529;0,130244245126722363;1,076293563392862529;0,130244245126722363
Firmicutes;Clostridia;Eubacteriales;Lachnospiraceae;Dorea;5076;Dorea formicigenerans;D. formicigenerans;60 µM;60;1,10189306030879464;0,053976789698036320;1,091464387734851105;0,117132048649408918;1,091464387734851105;0,117132048649408918
Firmicutes;Clostridia;Eubacteriales;Lachnospiraceae;Dorea;5076;Dorea formicigenerans;D. formicigenerans;70 µM;70;1,14795159172584604;0,100127113524974970;1,080505345174901377;0,021220145821835075;1,080505345174901377;0,021220145821835075
Firmicutes;Clostridia;Eubacteriales;Lachnospiraceae;Dorea;5076;Dorea formicigenerans;D. formicigenerans;80 µM;80;0,90127448348041750;0,359082612098487353;0,881790555458058067;0,364148266205597759;0,881790555458058067;0,364148266205597759
Firmicutes;Clostridia;Eubacteriales;Lachnospiraceae;Dorea;5076;Dorea formicigenerans;D. formicigenerans;90 µM;90;0,19423739602151033;0,399521557068824695;0,168969674343289550;0,358311058889376699;0,168606556753314457;0,358483675199268048
Firmicutes;Clostridia;Eubacteriales;Lachnospiraceae;Dorea;5076;Dorea formicigenerans;D. formicigenerans;100 µM;100;0,03508165494434785;0,013072241969195889;0,029095936791975113;0,012295013746429021;0,028366009784675843;0,012163637647739858
Firmicutes;Clostridia;Eubacteriales;Lachnospiraceae;Dorea;5076;Dorea formicigenerans;D. formicigenerans;110 µM;110;0,03624617363736745;0,010640501971174577;0,030142138834993483;0,011538798295318295;0,030142138834993483;0,011538798295318295
Firmicutes;Clostridia;Eubacteriales;Lachnospiraceae;Dorea;5076;Dorea formicigenerans;D. formicigenerans;120 µM;120;0,03767380067542409;0,016528357103732162;0,027651499362597132;0,013028872143097194;0,027286535858947497;0,013159833195755442
Firmicutes;Clostridia;Eubacteriales;Lachnospiraceae;Dorea;5076;Dorea formicigenerans;D. formicigenerans;130 µM;130;0,03362000922040326;0,016270616149513781;0,024236726373205203;0,014094670963627693;0,023871762869555568;0,014308074628903588
Firmicutes;Clostridia;Eubacteriales;Lachnospiraceae;Dorea;5076;Dorea formicigenerans;D. formicigenerans;140 µM;140;0,04348435673303957;0,016702892824799465;0,030023460216691840;0,010827281550576025;0,030023460216691840;0,010827281550576025
Firmicutes;Clostridia;Eubacteriales;Lachnospiraceae;Enterocloster;5026;Enterocloster bolteae;E. bolteae;blank;blank;0,00414300948065080;0,002657832903972952;0,000167869733087125;0,000444141566403323;-0,003949727694236105;0,002081529458598264
Firmicutes;Clostridia;Eubacteriales;Lachnospiraceae;Enterocloster;5026;Enterocloster bolteae;E. bolteae;0 µM;0;1,00000000000000000;0,000000000000000000;1,002597484352142798;0,015658021469694014;1,002597484352142798;0,015658021469694014
Firmicutes;Clostridia;Eubacteriales;Lachnospiraceae;Enterocloster;5026;Enterocloster bolteae;E. bolteae;54 µM;54;0,98284348355188200;0,036857098136595413;1,012014355214012618;0,030011048657278314;1,012014355214012618;0,030011048657278314
Firmicutes;Clostridia;Eubacteriales;Lachnospiraceae;Enterocloster;5026;Enterocloster bolteae;E. bolteae;60 µM;60;1,01168756390245873;0,032056710420671285;1,041553044471636325;0,035144430258970828;1,041553044471636325;0,035144430258970828
Firmicutes;Clostridia;Eubacteriales;Lachnospiraceae;Enterocloster;5026;Enterocloster bolteae;E. bolteae;70 µM;70;1,00056182937828275;0,058601292883903602;1,031301313838997480;0,049374169498286248;1,030566883756741436;0,051214151083077079
Firmicutes;Clostridia;Eubacteriales;Lachnospiraceae;Enterocloster;5026;Enterocloster bolteae;E. bolteae;80 µM;80;0,93094454334076970;0,128682147116853829;1,018569155883814803;0,071995041325139050;1,018569155883814803;0,071995041325139050
Firmicutes;Clostridia;Eubacteriales;Lachnospiraceae;Enterocloster;5026;Enterocloster bolteae;E. bolteae;90 µM;90;0,25762778652469315;0,404699473446413438;0,273442581422669695;0,435464233265652367;0,272817379079687838;0,435812560305207597
Firmicutes;Clostridia;Eubacteriales;Lachnospiraceae;Enterocloster;5026;Enterocloster bolteae;E. bolteae;100 µM;100;0,03638892773313344;0,017917115639811621;0,036445617590993282;0,016932006839848909;0,036140998792254277;0,016986294360309167
Firmicutes;Clostridia;Eubacteriales;Lachnospiraceae;Enterocloster;5026;Enterocloster bolteae;E. bolteae;110 µM;110;0,04065323829187262;0,011420288316528677;0,039067998781725864;0,011520074359472152;0,038614787973313192;0,011355318892302882
Firmicutes;Clostridia;Eubacteriales;Lachnospiraceae;Enterocloster;5026;Enterocloster bolteae;E. bolteae;120 µM;120;0,04238317083371088;0,016326616382968444;0,038979518661811104;0,017422290852733516;0,038341763559770300;0,017518605113105865
Firmicutes;Clostridia;Eubacteriales;Lachnospiraceae;Enterocloster;5026;Enterocloster bolteae;E. bolteae;130 µM;130;0,04247507087270292;0,013021889247927357;0,041774710002738212;0,009874588992582671;0,041256754793123733;0,009582373570766611
Firmicutes;Clostridia;Eubacteriales;Lachnospiraceae;Enterocloster;5026;Enterocloster bolteae;E. bolteae;140 µM;140;0,04158137209964440;0,010161462079739041;0,042617273507952955;0,009065537407826136;0,042298395956932550;0,009232537428191280
Firmicutes;Clostridia;Eubacteriales;Lachnospiraceae;Lacrimispora;5037;Lacrimispora saccharolytica;L. saccharolytica;blank;blank;0,00200459263117082;0,001182513474843372;0,000000000000000000;0,000000000000000000;-0,003288931616073347;0,001781760871887665
Firmicutes;Clostridia;Eubacteriales;Lachnospiraceae;Lacrimispora;5037;Lacrimispora saccharolytica;L. saccharolytica;0 µM;0;1,00000000000000000;0,000000000000000000;0,999443737892830142;0,006901214783416769;0,999443737892830142;0,006901214783416769
Firmicutes;Clostridia;Eubacteriales;Lachnospiraceae;Lacrimispora;5037;Lacrimispora saccharolytica;L. saccharolytica;54 µM;54;0,96392356253279932;0,020065645332704971;0,970636593078517018;0,014496459611633858;0,970636593078517018;0,014496459611633858
Firmicutes;Clostridia;Eubacteriales;Lachnospiraceae;Lacrimispora;5037;Lacrimispora saccharolytica;L. saccharolytica;60 µM;60;0,96233749683183556;0,037647897229795495;0,966183640607934935;0,028910760331834342;0,966183640607934935;0,028910760331834342
Firmicutes;Clostridia;Eubacteriales;Lachnospiraceae;Lacrimispora;5037;Lacrimispora saccharolytica;L. saccharolytica;70 µM;70;0,97016190718291095;0,042777606484859974;0,977548691335077935;0,021563624320133284;0,977548691335077935;0,021563624320133284
Firmicutes;Clostridia;Eubacteriales;Lachnospiraceae;Lacrimispora;5037;Lacrimispora saccharolytica;L. saccharolytica;80 µM;80;0,97028199793196956;0,038909949867748518;0,974809488287414649;0,016147031432856469;0,974809488287414649;0,016147031432856469
Firmicutes;Clostridia;Eubacteriales;Lachnospiraceae;Lacrimispora;5037;Lacrimispora saccharolytica;L. saccharolytica;90 µM;90;0,86585761389986160;0,123627686622329355;0,879783900000671970;0,112738010001763977;0,879783900000671970;0,112738010001763977
Firmicutes;Clostridia;Eubacteriales;Lachnospiraceae;Lacrimispora;5037;Lacrimispora saccharolytica;L. saccharolytica;100 µM;100;0,56530772933250284;0,068521157075800088;0,607024739332846064;0,070385069963336502;0,607024739332846064;0,070385069963336502
Firmicutes;Clostridia;Eubacteriales;Lachnospiraceae;Lacrimispora;5037;Lacrimispora saccharolytica;L. saccharolytica;110 µM;110;0,34960885648227558;0,074039754121100032;0,372762248935264329;0,061407160099344230;0,372762248935264329;0,061407160099344230
Firmicutes;Clostridia;Eubacteriales;Lachnospiraceae;Lacrimispora;5037;Lacrimispora saccharolytica;L. saccharolytica;120 µM;120;0,28239461119322556;0,111539805548811252;0,298771400469072357;0,088822291816344059;0,298771400469072357;0,088822291816344059
Firmicutes;Clostridia;Eubacteriales;Lachnospiraceae;Lacrimispora;5037;Lacrimispora saccharolytica;L. saccharolytica;130 µM;130;0,24921348242121744;0,097198777208950551;0,275378920261143634;0,098737557643258922;0,275053116612142767;0,099016549699745743
Firmicutes;Clostridia;Eubacteriales;Lachnospiraceae;Lacrimispora;5037;Lacrimispora saccharolytica;L. saccharolytica;140 µM;140;0,21220160435478891;0,084440049879423093;0,231810121584892670;0,085670912325118934;0,230941311854223702;0,085985644987550666
Firmicutes;Clostridia;Eubacteriales;Lachnospiraceae;Mediterraneibacter;5046;Mediterraneibacter gnavus;M. gnavus;blank;blank;0,01074512658248725;0,004737559496364132;0,000566251415628540;0,001790644201680851;-0,011956331970482958;0,006453377164095778
Firmicutes;Clostridia;Eubacteriales;Lachnospiraceae;Mediterraneibacter;5046;Mediterraneibacter gnavus;M. gnavus;0 µM;0;1,00000000000000000;0,000000000000000000;0,998474142976372159;0,007403301006718713;0,998474142976372159;0,007403301006718713
Firmicutes;Clostridia;Eubacteriales;Lachnospiraceae;Mediterraneibacter;5046;Mediterraneibacter gnavus;M. gnavus;54 µM;54;0,97925742654377679;0,026566404343954929;0,998313461938955982;0,017030810211123345;0,998313461938955982;0,017030810211123345
Firmicutes;Clostridia;Eubacteriales;Lachnospiraceae;Mediterraneibacter;5046;Mediterraneibacter gnavus;M. gnavus;60 µM;60;0,97966218539234229;0,035476083525066850;0,997287986776641877;0,016312445701511222;0,997287986776641877;0,016312445701511222
Firmicutes;Clostridia;Eubacteriales;Lachnospiraceae;Mediterraneibacter;5046;Mediterraneibacter gnavus;M. gnavus;70 µM;70;1,03033637916681409;0,046433353911570427;1,056350725439750171;0,023803251558663200;1,056350725439750171;0,023803251558663200
Firmicutes;Clostridia;Eubacteriales;Lachnospiraceae;Mediterraneibacter;5046;Mediterraneibacter gnavus;M. gnavus;80 µM;80;0,71217024035541854;0,361548257306259280;0,787164570526058593;0,361077020903788959;0,787164570526058593;0,361077020903788959
Firmicutes;Clostridia;Eubacteriales;Lachnospiraceae;Mediterraneibacter;5046;Mediterraneibacter gnavus;M. gnavus;90 µM;90;0,38908955766669767;0,471736933496293254;0,418924767866872216;0,510905101457874822;0,418615903458347594;0,511177109014646414
Firmicutes;Clostridia;Eubacteriales;Lachnospiraceae;Mediterraneibacter;5046;Mediterraneibacter gnavus;M. gnavus;100 µM;100;0,01275178287858852;0,009809315372139608;0,010990857225441492;0,010208828349409555;0,005004859470066430;0,023886154163926109
Firmicutes;Clostridia;Eubacteriales;Lachnospiraceae;Mediterraneibacter;5046;Mediterraneibacter gnavus;M. gnavus;110 µM;110;0,01618213056758657;0,007330974962859988;0,014790946184386894;0,009654524607278774;0,008713680916544843;0,025733846837637190
Firmicutes;Clostridia;Eubacteriales;Lachnospiraceae;Mediterraneibacter;5046;Mediterraneibacter gnavus;M. gnavus;120 µM;120;0,01432666388884846;0,006216337814416283;0,015333324906877863;0,007552733784556573;0,015220074623752154;0,007683478562907548
Firmicutes;Clostridia;Eubacteriales;Lachnospiraceae;Mediterraneibacter;5046;Mediterraneibacter gnavus;M. gnavus;130 µM;130;0,01394286398923666;0,006992381229202337;0,015277182238985630;0,009289851495174525;0,015050681672734214;0,009691948839191626
Firmicutes;Clostridia;Eubacteriales;Lachnospiraceae;Mediterraneibacter;5046;Mediterraneibacter gnavus;M. gnavus;140 µM;140;0,01818112944074658;0,007269616201245045;0,014897453473796366;0,008928382786774158;0,010992609842350778;0,017221369706403068
Firmicutes;Clostridia;Eubacteriales;Peptostreptococcaceae;Clostridioides;23006;Clostridioides difficile;C. difficile;blank;blank;0,00506597085600482;0,003786550582083217;0,003409758965314520;0,010229276895943561;-0,008695690319037320;0,004683557167273564
Firmicutes;Clostridia;Eubacteriales;Peptostreptococcaceae;Clostridioides;23006;Clostridioides difficile;C. difficile;0 µM;0;1,00000000000000000;0,000000000000000000;0,998315869557699576;0,021005559323408488;0,998315869557699576;0,021005559323408488
Firmicutes;Clostridia;Eubacteriales;Peptostreptococcaceae;Clostridioides;23006;Clostridioides difficile;C. difficile;54 µM;54;1,03548099007063077;0,035451361757270421;1,015951457188727147;0,032053382687414388;1,015481145607304514;0,030840036019292524
Firmicutes;Clostridia;Eubacteriales;Peptostreptococcaceae;Clostridioides;23006;Clostridioides difficile;C. difficile;60 µM;60;1,01163264229820116;0,036513018059547236;0,972295483588993203;0,048257025071038885;0,971230366184006488;0,046737023059845645
Firmicutes;Clostridia;Eubacteriales;Peptostreptococcaceae;Clostridioides;23006;Clostridioides difficile;C. difficile;70 µM;70;0,38638937079293506;0,515662640026679719;0,368463710491374274;0,494355869431694406;0,365049396680343641;0,494690704461930308
Firmicutes;Clostridia;Eubacteriales;Peptostreptococcaceae;Clostridioides;23006;Clostridioides difficile;C. difficile;80 µM;80;0,02372737767610794;0,013217710056988614;0,026665704519481696;0,022842575602226581;0,020541900888458121;0,012189516539145188
Firmicutes;Clostridia;Eubacteriales;Peptostreptococcaceae;Clostridioides;23006;Clostridioides difficile;C. difficile;90 µM;90;0,02408569702988800;0,011196564115153075;0,028347846329302477;0,023589066545260984;0,022935929259078672;0,010293126036496262
Firmicutes;Clostridia;Eubacteriales;Peptostreptococcaceae;Clostridioides;23006;Clostridioides difficile;C. difficile;100 µM;100;0,02513845904124027;0,006702394568790138;0,028608554585146769;0,014250415771939568;0,024839269876509577;0,007658739092145308
Firmicutes;Clostridia;Eubacteriales;Peptostreptococcaceae;Clostridioides;23006;Clostridioides difficile;C. difficile;110 µM;110;0,02973504564761232;0,005940537518228936;0,037713406036859451;0,016285851798726041;0,032657929405155425;0,008123347716417796
Firmicutes;Clostridia;Eubacteriales;Peptostreptococcaceae;Clostridioides;23006;Clostridioides difficile;C. difficile;120 µM;120;0,02661757147192620;0,003871748656913361;0,031778829559647316;0,014969986884620668;0,026840682244239016;0,005911144508515602
Firmicutes;Clostridia;Eubacteriales;Peptostreptococcaceae;Clostridioides;23006;Clostridioides difficile;C. difficile;130 µM;130;0,02749134185369257;0,006704951350510434;0,032332736816700944;0,011720918907916197;0,028801941782637935;0,005283226423694453
Firmicutes;Clostridia;Eubacteriales;Peptostreptococcaceae;Clostridioides;23006;Clostridioides difficile;C. difficile;140 µM;140;0,02611456475174427;0,006297818853085381;0,030194240408558691;0,008459418288902416;0,027489948815378210;0,009103123190337280
Firmicutes;Erysipelotrichia;Erysipelotrichales;Erysipelotrichaceae;Erysipelatoclostridium;5006;Thomasclavelia ramosa;T. ramosa;blank;blank;0,13179050826116118;0,309773293097974578;0,161469764330411270;0,366715558275936715;0,149848615402953855;0,372415282735993169
Firmicutes;Erysipelotrichia;Erysipelotrichales;Erysipelotrichaceae;Erysipelatoclostridium;5006;Thomasclavelia ramosa;T. ramosa;0 µM;0;1,00000000000000000;0,000000000000000000;1,023028919393030645;0,116108937483786756;1,023028919393030645;0,116108937483786756
Firmicutes;Erysipelotrichia;Erysipelotrichales;Erysipelotrichaceae;Erysipelatoclostridium;5006;Thomasclavelia ramosa;T. ramosa;54 µM;54;0,90967872661399773;0,119840909791375794;0,893775265072302538;0,138264625695343896;0,893775265072302538;0,138264625695343896
Firmicutes;Erysipelotrichia;Erysipelotrichales;Erysipelotrichaceae;Erysipelatoclostridium;5006;Thomasclavelia ramosa;T. ramosa;60 µM;60;0,96200609910690227;0,052558138302977904;0,946691653599025296;0,074640651827518167;0,946691653599025296;0,074640651827518167
Firmicutes;Erysipelotrichia;Erysipelotrichales;Erysipelotrichaceae;Erysipelatoclostridium;5006;Thomasclavelia ramosa;T. ramosa;70 µM;70;0,92371181956639237;0,118370664632085773;0,890453205924834568;0,107771164073854689;0,890453205924834568;0,107771164073854689
Firmicutes;Erysipelotrichia;Erysipelotrichales;Erysipelotrichaceae;Erysipelatoclostridium;5006;Thomasclavelia ramosa;T. ramosa;80 µM;80;0,60810514916377978;0,358281768304455406;0,557714216803451235;0,389358165642678777;0,552839438048556064;0,391458918350252816
Firmicutes;Erysipelotrichia;Erysipelotrichales;Erysipelotrichaceae;Erysipelatoclostridium;5006;Thomasclavelia ramosa;T. ramosa;90 µM;90;0,05013076549780884;0,020672389555877746;0,046877680099090588;0,027585486955296310;0,034693707770078484;0,040678819522296308
Firmicutes;Erysipelotrichia;Erysipelotrichales;Erysipelotrichaceae;Erysipelatoclostridium;5006;Thomasclavelia ramosa;T. ramosa;100 µM;100;0,04338714037802430;0,021894780238134150;0,040967437961632810;0,026986185537937493;0,023281432519381563;0,040974535530653437
Firmicutes;Erysipelotrichia;Erysipelotrichales;Erysipelotrichaceae;Erysipelatoclostridium;5006;Thomasclavelia ramosa;T. ramosa;110 µM;110;0,04177228413955764;0,023623598912159878;0,040036155921121488;0,032382391538052127;0,023757517872819281;0,040986667556805093
Firmicutes;Erysipelotrichia;Erysipelotrichales;Erysipelotrichaceae;Erysipelatoclostridium;5006;Thomasclavelia ramosa;T. ramosa;120 µM;120;0,03804845771173002;0,021254785600152846;0,038499088281153407;0,029740875546157890;0,029909741266965661;0,021715786915118874
Firmicutes;Erysipelotrichia;Erysipelotrichales;Erysipelotrichaceae;Erysipelatoclostridium;5006;Thomasclavelia ramosa;T. ramosa;130 µM;130;0,03820396848326688;0,026077944317931732;0,043658254245151816;0,035509216675272411;0,035686462124961717;0,022171574445139803
Firmicutes;Erysipelotrichia;Erysipelotrichales;Erysipelotrichaceae;Erysipelatoclostridium;5006;Thomasclavelia ramosa;T. ramosa;140 µM;140;0,03766687199298478;0,019984054817304867;0,041427313364798407;0,026846590395413546;0,032431080962291546;0,017492413786162606
Proteobacteria;Gammaproteobacteria;Enterobacteriales;Enterobacteriaceae;Escherichia;12004;Escherichia coli BW25113;E. coli BW25113;blank;blank;0,00246820858217580;0,002555322314174250;0,007593314402616502;0,019672932665858622;-0,001255405590022291;0,001586910072389084
Proteobacteria;Gammaproteobacteria;Enterobacteriales;Enterobacteriaceae;Escherichia;12004;Escherichia coli BW25113;E. coli BW25113;0 µM;0;1,00000000000000000;0,000000000000000000;0,988125059846371334;0,048359189332433793;0,988125059846371334;0,048359189332433793
Proteobacteria;Gammaproteobacteria;Enterobacteriales;Enterobacteriaceae;Escherichia;12004;Escherichia coli BW25113;E. coli BW25113;54 µM;54;0,96798440672242281;0,021699581014512390;0,949695335463198176;0,069853570551782526;0,949695335463198176;0,069853570551782526
Proteobacteria;Gammaproteobacteria;Enterobacteriales;Enterobacteriaceae;Escherichia;12004;Escherichia coli BW25113;E. coli BW25113;60 µM;60;0,96264075164028506;0,020141338764401530;0,956700750855804860;0,066950548766555748;0,956700750855804860;0,066950548766555748
Proteobacteria;Gammaproteobacteria;Enterobacteriales;Enterobacteriaceae;Escherichia;12004;Escherichia coli BW25113;E. coli BW25113;70 µM;70;0,96657816366844884;0,025461453517521340;0,964585448681408053;0,062932929298272933;0,964585448681408053;0,062932929298272933
Proteobacteria;Gammaproteobacteria;Enterobacteriales;Enterobacteriaceae;Escherichia;12004;Escherichia coli BW25113;E. coli BW25113;80 µM;80;0,98355259534006823;0,033997186748565049;0,993990115642646388;0,068869342865998509;0,993990115642646388;0,068869342865998509
Proteobacteria;Gammaproteobacteria;Enterobacteriales;Enterobacteriaceae;Escherichia;12004;Escherichia coli BW25113;E. coli BW25113;90 µM;90;0,40135777225691799;0,300661053317019367;0,504840241710836080;0,228545816357408699;0,504840241710836080;0,228545816357408699
Proteobacteria;Gammaproteobacteria;Enterobacteriales;Enterobacteriaceae;Escherichia;12004;Escherichia coli BW25113;E. coli BW25113;100 µM;100;0,08409318263284674;0,057463557647609541;0,115799158656941084;0,065169702110988215;0,115799158656941084;0,065169702110988215
Proteobacteria;Gammaproteobacteria;Enterobacteriales;Enterobacteriaceae;Escherichia;12004;Escherichia coli BW25113;E. coli BW25113;110 µM;110;0,08772076506121672;0,067623611214873050;0,119900562348508696;0,076037807984365324;0,119900562348508696;0,076037807984365324
Proteobacteria;Gammaproteobacteria;Enterobacteriales;Enterobacteriaceae;Escherichia;12004;Escherichia coli BW25113;E. coli BW25113;120 µM;120;0,07662679966218527;0,050491673902193911;0,109787025817435907;0,054546205487353103;0,109787025817435907;0,054546205487353103
Proteobacteria;Gammaproteobacteria;Enterobacteriales;Enterobacteriaceae;Escherichia;12004;Escherichia coli BW25113;E. coli BW25113;130 µM;130;0,09210267796381191;0,054646348090526042;0,124394655459985029;0,057236248804536788;0,124394655459985029;0,057236248804536788
Proteobacteria;Gammaproteobacteria;Enterobacteriales;Enterobacteriaceae;Escherichia;12004;Escherichia coli BW25113;E. coli BW25113;140 µM;140;0,08732522389378655;0,050808060894066913;0,129214852015900411;0,051855874037594535;0,129214852015900411;0,051855874037594535
Proteobacteria;Gammaproteobacteria;Enterobacteriales;Enterobacteriaceae;Escherichia;12010;Escherichia coli Nissle 1917;E. coli Nissle 1917;blank;blank;0,00178314512362514;0,001166499848175235;0,000000000000000000;0,000000000000000000;-0,007133358288155111;0,010082627010645372
Proteobacteria;Gammaproteobacteria;Enterobacteriales;Enterobacteriaceae;Escherichia;12010;Escherichia coli Nissle 1917;E. coli Nissle 1917;0 µM;0;1,00000000000000000;0,000000000000000000;0,998693623950561271;0,013740301087955825;0,998693623950561271;0,013740301087955825
Proteobacteria;Gammaproteobacteria;Enterobacteriales;Enterobacteriaceae;Escherichia;12010;Escherichia coli Nissle 1917;E. coli Nissle 1917;54 µM;54;0,99415403074729736;0,039127038830905660;0,966254043911683236;0,040843830893359107;0,966254043911683236;0,040843830893359107
Proteobacteria;Gammaproteobacteria;Enterobacteriales;Enterobacteriaceae;Escherichia;12010;Escherichia coli Nissle 1917;E. coli Nissle 1917;60 µM;60;0,99265458580635091;0,029224076500043935;0,963578759397603180;0,047331676598068341;0,963578759397603180;0,047331676598068341
Proteobacteria;Gammaproteobacteria;Enterobacteriales;Enterobacteriaceae;Escherichia;12010;Escherichia coli Nissle 1917;E. coli Nissle 1917;70 µM;70;0,97054003190583660;0,074397222075614278;0,960091760525963900;0,053630217340881879;0,960091760525963900;0,053630217340881879
Proteobacteria;Gammaproteobacteria;Enterobacteriales;Enterobacteriaceae;Escherichia;12010;Escherichia coli Nissle 1917;E. coli Nissle 1917;80 µM;80;0,98389559616846523;0,111749831740987418;0,968692594528442918;0,068572522475495903;0,968692594528442918;0,068572522475495903
Proteobacteria;Gammaproteobacteria;Enterobacteriales;Enterobacteriaceae;Escherichia;12010;Escherichia coli Nissle 1917;E. coli Nissle 1917;90 µM;90;0,92042298673246614;0,169231663203608773;0,909520147275915569;0,129733187468824424;0,909391678622267108;0,129806909145448512
Proteobacteria;Gammaproteobacteria;Enterobacteriales;Enterobacteriaceae;Escherichia;12010;Escherichia coli Nissle 1917;E. coli Nissle 1917;100 µM;100;0,74210438775691101;0,122522137534227901;0,799494455003754712;0,111168149837177474;0,799494455003754712;0,111168149837177474
Proteobacteria;Gammaproteobacteria;Enterobacteriales;Enterobacteriaceae;Escherichia;12010;Escherichia coli Nissle 1917;E. coli Nissle 1917;110 µM;110;0,65435783218617805;0,091858521565813450;0,689836719447368796;0,075041125417182317;0,689579782140071762;0,075109808833383293
Proteobacteria;Gammaproteobacteria;Enterobacteriales;Enterobacteriaceae;Escherichia;12010;Escherichia coli Nissle 1917;E. coli Nissle 1917;120 µM;120;0,55436398317987590;0,143795898304067332;0,574864638715908871;0,135157734742899022;0,574195593220815259;0,135732073308429069
Proteobacteria;Gammaproteobacteria;Enterobacteriales;Enterobacteriaceae;Escherichia;12010;Escherichia coli Nissle 1917;E. coli Nissle 1917;130 µM;130;0,52434206304340869;0,149320937259534131;0,547390104909910358;0,146523394966683790;0,546114594705828682;0,146143585810110499
Proteobacteria;Gammaproteobacteria;Enterobacteriales;Enterobacteriaceae;Escherichia;12010;Escherichia coli Nissle 1917;E. coli Nissle 1917;140 µM;140;0,43151916735525403;0,093572402230914509;0,495651163352665403;0,111829641092574650;0,495651163352665403;0,111829641092574650
Proteobacteria;Gammaproteobacteria;Enterobacteriales;Enterobacteriaceae;Escherichia;12016;Escherichia coli O83:H1;E. coli O83:H1;blank;blank;NA;NA;NA;NA;NA;NA
Proteobacteria;Gammaproteobacteria;Enterobacteriales;Enterobacteriaceae;Escherichia;12016;Escherichia coli O83:H1;E. coli O83:H1;0 µM;0;1,00000000000000000;0,000000000000000000;0,995931952662721942;0,017096077352901647;0,995931952662721942;0,017096077352901647
Proteobacteria;Gammaproteobacteria;Enterobacteriales;Enterobacteriaceae;Escherichia;12016;Escherichia coli O83:H1;E. coli O83:H1;54 µM;54;1,00758230081207034;0,011569953643981798;1,000247662350827849;0,018526919612879205;1,000247662350827849;0,018526919612879205
Proteobacteria;Gammaproteobacteria;Enterobacteriales;Enterobacteriaceae;Escherichia;12016;Escherichia coli O83:H1;E. coli O83:H1;60 µM;60;1,01052194524291017;0,008226227070337287;1,001728525307509443;0,013645041098235420;1,001728525307509443;0,013645041098235420
Proteobacteria;Gammaproteobacteria;Enterobacteriales;Enterobacteriaceae;Escherichia;12016;Escherichia coli O83:H1;E. coli O83:H1;70 µM;70;1,04633986699017556;0,023439498919612379;1,027044562874855238;0,018100582640451428;1,027044562874855238;0,018100582640451428
Proteobacteria;Gammaproteobacteria;Enterobacteriales;Enterobacteriaceae;Escherichia;12016;Escherichia coli O83:H1;E. coli O83:H1;80 µM;80;1,04445142016475834;0,015953335158144118;1,029621017534412264;0,018086989879865095;1,029621017534412264;0,018086989879865095
Proteobacteria;Gammaproteobacteria;Enterobacteriales;Enterobacteriaceae;Escherichia;12016;Escherichia coli O83:H1;E. coli O83:H1;90 µM;90;0,90521549167710103;0,198929059029234162;0,932179563339286976;0,137797243999580710;0,932179563339286976;0,137797243999580710
Proteobacteria;Gammaproteobacteria;Enterobacteriales;Enterobacteriaceae;Escherichia;12016;Escherichia coli O83:H1;E. coli O83:H1;100 µM;100;0,29923109915706392;0,067042666135648368;0,584314281703391836;0,057801239113108631;0,584314281703391836;0,057801239113108631
Proteobacteria;Gammaproteobacteria;Enterobacteriales;Enterobacteriaceae;Escherichia;12016;Escherichia coli O83:H1;E. coli O83:H1;110 µM;110;0,20266059045965840;0,100903184943512539;0,414628665482135061;0,172435407378628280;0,414628665482135061;0,172435407378628280
Proteobacteria;Gammaproteobacteria;Enterobacteriales;Enterobacteriaceae;Escherichia;12016;Escherichia coli O83:H1;E. coli O83:H1;120 µM;120;0,17438516137865778;0,091250601654578087;0,375321687508158031;0,214251377743512411;0,375321687508158031;0,214251377743512411
Proteobacteria;Gammaproteobacteria;Enterobacteriales;Enterobacteriaceae;Escherichia;12016;Escherichia coli O83:H1;E. coli O83:H1;130 µM;130;0,18292456744040839;0,101174013616724387;0,376871687048708215;0,215652573548588605;0,376871687048708215;0,215652573548588605
Proteobacteria;Gammaproteobacteria;Enterobacteriales;Enterobacteriaceae;Escherichia;12016;Escherichia coli O83:H1;E. coli O83:H1;140 µM;140;0,19607385637364219;0,108690635515093087;0,421137433740051637;0,208394012747498553;0,419956162262388411;0,207557602340602637
Proteobacteria;Gammaproteobacteria;Enterobacteriales;Enterobacteriaceae;Escherichia;12097;Escherichia coli UTI89;E. coli UTI89;blank;blank;0,00467202381789745;0,004194083315453273;0,001970472440944880;0,004432541870948538;-0,007747557596967042;0,010381008897248089
Proteobacteria;Gammaproteobacteria;Enterobacteriales;Enterobacteriaceae;Escherichia;12097;Escherichia coli UTI89;E. coli UTI89;0 µM;0;1,00000000000000000;0,000000000000000000;0,997924212598425231;0,018076909759317326;0,997924212598425231;0,018076909759317326
Proteobacteria;Gammaproteobacteria;Enterobacteriales;Enterobacteriaceae;Escherichia;12097;Escherichia coli UTI89;E. coli UTI89;54 µM;54;0,99598233182517049;0,018802404027453597;0,993470399533391668;0,023909322023432572;0,993470399533391668;0,023909322023432572
Proteobacteria;Gammaproteobacteria;Enterobacteriales;Enterobacteriaceae;Escherichia;12097;Escherichia coli UTI89;E. coli UTI89;60 µM;60;0,99281003192247985;0,013946716662950647;0,992352107028288133;0,016145643758027319;0,992352107028288133;0,016145643758027319
Proteobacteria;Gammaproteobacteria;Enterobacteriales;Enterobacteriaceae;Escherichia;12097;Escherichia coli UTI89;E. coli UTI89;70 µM;70;0,99334542085005961;0,019361934376428393;0,999571121318168498;0,024620206357199227;0,999571121318168498;0,024620206357199227
Proteobacteria;Gammaproteobacteria;Enterobacteriales;Enterobacteriaceae;Escherichia;12097;Escherichia coli UTI89;E. coli UTI89;80 µM;80;1,00671285108685216;0,009351194669346885;1,012213764946048533;0,018772139900624901;1,012213764946048533;0,018772139900624901
Proteobacteria;Gammaproteobacteria;Enterobacteriales;Enterobacteriaceae;Escherichia;12097;Escherichia coli UTI89;E. coli UTI89;90 µM;90;0,94494664929780303;0,082267528296742068;0,951988152522601272;0,088386514846021724;0,951988152522601272;0,088386514846021724
Proteobacteria;Gammaproteobacteria;Enterobacteriales;Enterobacteriaceae;Escherichia;12097;Escherichia coli UTI89;E. coli UTI89;100 µM;100;0,75626226676451269;0,035110498815945225;0,756814158646835766;0,037081391189470056;0,756814158646835766;0,037081391189470056
Proteobacteria;Gammaproteobacteria;Enterobacteriales;Enterobacteriaceae;Escherichia;12097;Escherichia coli UTI89;E. coli UTI89;110 µM;110;0,74753204460386002;0,020228474120791720;0,748170312044327823;0,031501086478959862;0,747920312044327851;0,031817359129124256
Proteobacteria;Gammaproteobacteria;Enterobacteriales;Enterobacteriaceae;Escherichia;12097;Escherichia coli UTI89;E. coli UTI89;120 µM;120;0,66053822113949034;0,040986819202100171;0,700810258092738336;0,027970284324709899;0,700435258092738433;0,028443161831956870
Proteobacteria;Gammaproteobacteria;Enterobacteriales;Enterobacteriaceae;Escherichia;12097;Escherichia coli UTI89;E. coli UTI89;130 µM;130;0,56111045956476302;0,103470918147294047;0,623733595800524898;0,070876178990479877;0,622608595800524967;0,070140785936412237
Proteobacteria;Gammaproteobacteria;Enterobacteriales;Enterobacteriaceae;Escherichia;12097;Escherichia coli UTI89;E. coli UTI89;140 µM;140;0,42721183272661312;0,025458568411711187;0,501660870516185464;0,047303395036819525;0,501660870516185464;0,047303395036819525
Proteobacteria;Gammaproteobacteria;Enterobacteriales;Enterobacteriaceae;Escherichia;12194;Escherichia coli ETEC H10407;E. coli ETEC;blank;blank;0,00341144389683739;0,002277458323363369;0,000000000000000000;0,000000000000000000;-0,006833954646554738;0,006014877382654073
Proteobacteria;Gammaproteobacteria;Enterobacteriales;Enterobacteriaceae;Escherichia;12194;Escherichia coli ETEC H10407;E. coli ETEC;0 µM;0;1,00000000000000000;0,000000000000000000;0,994988090800502878;0,028798420248167044;0,994755982483288226;0,029451048287732946
Proteobacteria;Gammaproteobacteria;Enterobacteriales;Enterobacteriaceae;Escherichia;12194;Escherichia coli ETEC H10407;E. coli ETEC;54 µM;54;0,99102521824764345;0,040796658560729254;0,997291825356803940;0,028845389964742400;0,997291825356803940;0,028845389964742400
Proteobacteria;Gammaproteobacteria;Enterobacteriales;Enterobacteriaceae;Escherichia;12194;Escherichia coli ETEC H10407;E. coli ETEC;60 µM;60;0,97712863554141083;0,039410165206527632;0,986695546570853343;0,026626745921698957;0,986695546570853343;0,026626745921698957
Proteobacteria;Gammaproteobacteria;Enterobacteriales;Enterobacteriaceae;Escherichia;12194;Escherichia coli ETEC H10407;E. coli ETEC;70 µM;70;0,97994824847262940;0,036700259046847261;0,994332356537319995;0,025117367570384380;0,994332356537319995;0,025117367570384380
Proteobacteria;Gammaproteobacteria;Enterobacteriales;Enterobacteriaceae;Escherichia;12194;Escherichia coli ETEC H10407;E. coli ETEC;80 µM;80;0,93454599126944626;0,086371941220069304;0,940096446832671906;0,087371698935123268;0,940096446832671906;0,087371698935123268
Proteobacteria;Gammaproteobacteria;Enterobacteriales;Enterobacteriaceae;Escherichia;12194;Escherichia coli ETEC H10407;E. coli ETEC;90 µM;90;0,63288294390813360;0,349539531139947068;0,658090475824081311;0,344700950463058986;0,658090475824081311;0,344700950463058986
Proteobacteria;Gammaproteobacteria;Enterobacteriales;Enterobacteriaceae;Escherichia;12194;Escherichia coli ETEC H10407;E. coli ETEC;100 µM;100;0,16401727911749980;0,069358461785963804;0,202150087943120310;0,083122318394320660;0,202150087943120310;0,083122318394320660
Proteobacteria;Gammaproteobacteria;Enterobacteriales;Enterobacteriaceae;Escherichia;12194;Escherichia coli ETEC H10407;E. coli ETEC;110 µM;110;0,16487153003601646;0,118510451718694274;0,236230661419215504;0,125430852805287374;0,236153291980143953;0,125269653395851083
Proteobacteria;Gammaproteobacteria;Enterobacteriales;Enterobacteriaceae;Escherichia;12194;Escherichia coli ETEC H10407;E. coli ETEC;120 µM;120;0,13694822734510526;0,111155954919321592;0,174733914050133055;0,127877914335974951;0,174114958537560510;0,126822071418935256
Proteobacteria;Gammaproteobacteria;Enterobacteriales;Enterobacteriaceae;Escherichia;12194;Escherichia coli ETEC H10407;E. coli ETEC;130 µM;130;0,10610397663641431;0,093452212365886078;0,141113230650806970;0,097062575251457311;0,140347273203998452;0,096063892864557479
Proteobacteria;Gammaproteobacteria;Enterobacteriales;Enterobacteriaceae;Escherichia;12194;Escherichia coli ETEC H10407;E. coli ETEC;140 µM;140;0,11314344613148392;0,079581712897448947;0,151582973901256191;0,076670034456666397;0,150728255365345259;0,075546605527978802
Proteobacteria;Gammaproteobacteria;Enterobacteriales;Enterobacteriaceae;Escherichia;12195;Escherichia coli O127:H6;E. coli O127:H6;blank;blank;0,00327704779670799;0,003182657000548973;0,000965858880051776;0,001288364243426461;-0,001804582996371545;0,001778047322107005
Proteobacteria;Gammaproteobacteria;Enterobacteriales;Enterobacteriaceae;Escherichia;12195;Escherichia coli O127:H6;E. coli O127:H6;0 µM;0;1,00000000000000000;0,000000000000000000;1,031154684542572531;0,109548177482878595;1,031154684542572531;0,109548177482878595
Proteobacteria;Gammaproteobacteria;Enterobacteriales;Enterobacteriaceae;Escherichia;12195;Escherichia coli O127:H6;E. coli O127:H6;54 µM;54;0,98988630858773030;0,042049012751226918;1,025178092718018297;0,095372356886730514;1,025178092718018297;0,095372356886730514
Proteobacteria;Gammaproteobacteria;Enterobacteriales;Enterobacteriaceae;Escherichia;12195;Escherichia coli O127:H6;E. coli O127:H6;60 µM;60;0,96071730249955667;0,099593286353566846;0,985266625090983617;0,018781981079458599;0,985266625090983617;0,018781981079458599
Proteobacteria;Gammaproteobacteria;Enterobacteriales;Enterobacteriaceae;Escherichia;12195;Escherichia coli O127:H6;E. coli O127:H6;70 µM;70;0,98807842054037942;0,041683652087216992;1,009719879538259146;0,133009116928631904;1,007171223375145086;0,137933252222211228
Proteobacteria;Gammaproteobacteria;Enterobacteriales;Enterobacteriaceae;Escherichia;12195;Escherichia coli O127:H6;E. coli O127:H6;80 µM;80;0,95222480721288416;0,133229904205469984;0,906362838941107696;0,109300930406922472;0,902308158681608075;0,118945107887096793
Proteobacteria;Gammaproteobacteria;Enterobacteriales;Enterobacteriaceae;Escherichia;12195;Escherichia coli O127:H6;E. coli O127:H6;90 µM;90;0,92087438119305209;0,122753426690153489;0,822040145196746064;0,099608860543322672;0,817522072907589381;0,108927687789664676
Proteobacteria;Gammaproteobacteria;Enterobacteriales;Enterobacteriaceae;Escherichia;12195;Escherichia coli O127:H6;E. coli O127:H6;100 µM;100;0,80013019499217242;0,130351939280519108;0,723317800936362998;0,069374242711990192;0,717550916455889976;0,076897161023894364
Proteobacteria;Gammaproteobacteria;Enterobacteriales;Enterobacteriaceae;Escherichia;12195;Escherichia coli O127:H6;E. coli O127:H6;110 µM;110;0,74786437025314423;0,126701467496187770;0,703601416260960066;0,077214312397884871;0,697656507120992142;0,084386254150195780
Proteobacteria;Gammaproteobacteria;Enterobacteriales;Enterobacteriaceae;Escherichia;12195;Escherichia coli O127:H6;E. coli O127:H6;120 µM;120;0,71260348283924946;0,172920768064180913;0,677531937125413486;0,139154175610730624;0,673622335720768683;0,144577664009036100
Proteobacteria;Gammaproteobacteria;Enterobacteriales;Enterobacteriaceae;Escherichia;12195;Escherichia coli O127:H6;E. coli O127:H6;130 µM;130;0,65554066479315787;0,143273822470420642;0,647198374054189784;0,131196848340271593;0,642215052256776220;0,139584044099497123
Proteobacteria;Gammaproteobacteria;Enterobacteriales;Enterobacteriaceae;Escherichia;12195;Escherichia coli O127:H6;E. coli O127:H6;140 µM;140;0,62249537992176895;0,180817522965032396;0,616141850377673439;0,169797025850215388;0,612033498762840189;0,172635723852866213
Proteobacteria;Gammaproteobacteria;Enterobacteriales;Enterobacteriaceae;Escherichia;5078;Escherichia coli ED1a;E. coli ED1a;blank;blank;0,00432664150095510;0,002719954736101398;0,000660153155532084;0,001382649244996481;-0,005854697127051752;0,003113958155359322
Proteobacteria;Gammaproteobacteria;Enterobacteriales;Enterobacteriaceae;Escherichia;5078;Escherichia coli ED1a;E. coli ED1a;0 µM;0;1,00000000000000000;0,000000000000000000;0,999300770658170134;0,009497967735691773;0,999300770658170134;0,009497967735691773
Proteobacteria;Gammaproteobacteria;Enterobacteriales;Enterobacteriaceae;Escherichia;5078;Escherichia coli ED1a;E. coli ED1a;54 µM;54;0,99073405458425845;0,018818191493751094;0,996415661580709600;0,020646393803864491;0,996415661580709600;0,020646393803864491
Proteobacteria;Gammaproteobacteria;Enterobacteriales;Enterobacteriaceae;Escherichia;5078;Escherichia coli ED1a;E. coli ED1a;60 µM;60;0,98895247522473484;0,018266561798644654;0,998130865741390427;0,012362721027999976;0,998130865741390427;0,012362721027999976
Proteobacteria;Gammaproteobacteria;Enterobacteriales;Enterobacteriaceae;Escherichia;5078;Escherichia coli ED1a;E. coli ED1a;70 µM;70;1,00679215120501797;0,026704303192001486;1,010960729475381070;0,020489083043258950;1,010960729475381070;0,020489083043258950
Proteobacteria;Gammaproteobacteria;Enterobacteriales;Enterobacteriaceae;Escherichia;5078;Escherichia coli ED1a;E. coli ED1a;80 µM;80;1,00373660223106587;0,036763238279309218;1,001985184994662159;0,016854401008566250;1,001985184994662159;0,016854401008566250
Proteobacteria;Gammaproteobacteria;Enterobacteriales;Enterobacteriaceae;Escherichia;5078;Escherichia coli ED1a;E. coli ED1a;90 µM;90;0,59190209874323951;0,182882951856754544;0,626467885999550056;0,160266092092751000;0,626467885999550056;0,160266092092751000
Proteobacteria;Gammaproteobacteria;Enterobacteriales;Enterobacteriaceae;Escherichia;5078;Escherichia coli ED1a;E. coli ED1a;100 µM;100;0,40556749071220527;0,094487972958826424;0,473674980172997362;0,092185973631248280;0,473674980172997362;0,092185973631248280
Proteobacteria;Gammaproteobacteria;Enterobacteriales;Enterobacteriaceae;Escherichia;5078;Escherichia coli ED1a;E. coli ED1a;110 µM;110;0,35651631648281668;0,074505981047336911;0,429776831149643601;0,081334722481101074;0,429776831149643601;0,081334722481101074
Proteobacteria;Gammaproteobacteria;Enterobacteriales;Enterobacteriaceae;Escherichia;5078;Escherichia coli ED1a;E. coli ED1a;120 µM;120;0,26531946121035010;0,047830758214770029;0,315703237788467317;0,044660466854151905;0,315703237788467317;0,044660466854151905
Proteobacteria;Gammaproteobacteria;Enterobacteriales;Enterobacteriaceae;Escherichia;5078;Escherichia coli ED1a;E. coli ED1a;130 µM;130;0,23038668615247504;0,061802609700744394;0,278733828441561027;0,054421906301563863;0,278733828441561027;0,054421906301563863
Proteobacteria;Gammaproteobacteria;Enterobacteriales;Enterobacteriaceae;Escherichia;5078;Escherichia coli ED1a;E. coli ED1a;140 µM;140;0,22384490882593633;0,045596642774032525;0,274794114562995906;0,050734727968021726;0,274794114562995906;0,050734727968021726
Proteobacteria;Gammaproteobacteria;Enterobacteriales;Enterobacteriaceae;Klebsiella;HM02;Klebsiella pneumoniae;K. pneumoniae;blank;blank;0,00149805786752242;0,001379794421252722;0,000198345053481474;0,000393605414347667;-0,002269801109850313;0,002633696640661428
Proteobacteria;Gammaproteobacteria;Enterobacteriales;Enterobacteriaceae;Klebsiella;HM02;Klebsiella pneumoniae;K. pneumoniae;0 µM;0;1,00000000000000000;0,000000000000000000;0,999884914080115039;0,006079895736081122;0,999884914080115039;0,006079895736081122
Proteobacteria;Gammaproteobacteria;Enterobacteriales;Enterobacteriaceae;Klebsiella;HM02;Klebsiella pneumoniae;K. pneumoniae;54 µM;54;1,01380686017688637;0,013735033782344128;1,015276620875185998;0,010453658577677123;1,015276620875185998;0,010453658577677123
Proteobacteria;Gammaproteobacteria;Enterobacteriales;Enterobacteriaceae;Klebsiella;HM02;Klebsiella pneumoniae;K. pneumoniae;60 µM;60;0,94280683750988148;0,138947531833048282;0,959905682649780823;0,109987792857101765;0,959905682649780823;0,109987792857101765
Proteobacteria;Gammaproteobacteria;Enterobacteriales;Enterobacteriaceae;Klebsiella;HM02;Klebsiella pneumoniae;K. pneumoniae;70 µM;70;0,84223102110470927;0,267329468518327396;0,876449283184884131;0,215105505529908175;0,876449283184884131;0,215105505529908175
Proteobacteria;Gammaproteobacteria;Enterobacteriales;Enterobacteriaceae;Klebsiella;HM02;Klebsiella pneumoniae;K. pneumoniae;80 µM;80;0,74413092828746097;0,264625505177256970;0,807756247081852896;0,214255320913243619;0,807756247081852896;0,214255320913243619
Proteobacteria;Gammaproteobacteria;Enterobacteriales;Enterobacteriaceae;Klebsiella;HM02;Klebsiella pneumoniae;K. pneumoniae;90 µM;90;0,54745728444402830;0,112895223443266773;0,664174871216435592;0,113720475085464998;0,664174871216435592;0,113720475085464998
Proteobacteria;Gammaproteobacteria;Enterobacteriales;Enterobacteriaceae;Klebsiella;HM02;Klebsiella pneumoniae;K. pneumoniae;100 µM;100;0,44472773762378970;0,110376707207760938;0,559841772086387524;0,125306257130287590;0,559841772086387524;0,125306257130287590
Proteobacteria;Gammaproteobacteria;Enterobacteriales;Enterobacteriaceae;Klebsiella;HM02;Klebsiella pneumoniae;K. pneumoniae;110 µM;110;0,37825888590383550;0,086445601143753242;0,491070198350807063;0,100701049807151430;0,491070198350807063;0,100701049807151430
Proteobacteria;Gammaproteobacteria;Enterobacteriales;Enterobacteriaceae;Klebsiella;HM02;Klebsiella pneumoniae;K. pneumoniae;120 µM;120;0,32941081682183238;0,080216495285815259;0,439698542476717247;0,097193913721964217;0,439698542476717247;0,097193913721964217
Proteobacteria;Gammaproteobacteria;Enterobacteriales;Enterobacteriaceae;Klebsiella;HM02;Klebsiella pneumoniae;K. pneumoniae;130 µM;130;0,28060101686478062;0,073520700754163296;0,373436482538514858;0,076711280453086811;0,373436482538514858;0,076711280453086811
Proteobacteria;Gammaproteobacteria;Enterobacteriales;Enterobacteriaceae;Klebsiella;HM02;Klebsiella pneumoniae;K. pneumoniae;140 µM;140;0,26592107254370018;0,049930070695959922;0,359365113427365435;0,059112404649709564;0,359365113427365435;0,059112404649709564
Proteobacteria;Gammaproteobacteria;Enterobacteriales;Enterobacteriaceae;Salmonella;14002;Salmonella enterica serovar Typhimurium;S. enterica;blank;blank;0,00175085087143974;0,000994408674802842;0,000197530864197531;0,000592592592592593;-0,003326565259030716;0,002956646273968936
Proteobacteria;Gammaproteobacteria;Enterobacteriales;Enterobacteriaceae;Salmonella;14002;Salmonella enterica serovar Typhimurium;S. enterica;0 µM;0;1,00000000000000000;0,000000000000000000;1,002925366713984578;0,012092606080071629;1,002925366713984578;0,012092606080071629
Proteobacteria;Gammaproteobacteria;Enterobacteriales;Enterobacteriaceae;Salmonella;14002;Salmonella enterica serovar Typhimurium;S. enterica;54 µM;54;1,04108980083745561;0,010182458346366382;1,034155353246978715;0,012521195480622893;1,034155353246978715;0,012521195480622893
Proteobacteria;Gammaproteobacteria;Enterobacteriales;Enterobacteriaceae;Salmonella;14002;Salmonella enterica serovar Typhimurium;S. enterica;60 µM;60;1,04382133789219500;0,025769062638570733;1,034233535246054547;0,013508877454255146;1,034233535246054547;0,013508877454255146
Proteobacteria;Gammaproteobacteria;Enterobacteriales;Enterobacteriaceae;Salmonella;14002;Salmonella enterica serovar Typhimurium;S. enterica;70 µM;70;1,01337040528113764;0,183192333450896472;1,003148516821617653;0,152092391742568056;1,003148516821617653;0,152092391742568056
Proteobacteria;Gammaproteobacteria;Enterobacteriales;Enterobacteriaceae;Salmonella;14002;Salmonella enterica serovar Typhimurium;S. enterica;80 µM;80;0,91932820303028850;0,237426752368632726;0,937493878093908051;0,166701763093369426;0,937493878093908051;0,166701763093369426
Proteobacteria;Gammaproteobacteria;Enterobacteriales;Enterobacteriaceae;Salmonella;14002;Salmonella enterica serovar Typhimurium;S. enterica;90 µM;90;0,54735369082466945;0,071656247586177862;0,628286469050297613;0,053001889826882580;0,628286469050297613;0,053001889826882580
Proteobacteria;Gammaproteobacteria;Enterobacteriales;Enterobacteriaceae;Salmonella;14002;Salmonella enterica serovar Typhimurium;S. enterica;100 µM;100;0,47753983342037365;0,083075356311327744;0,597004987516035479;0,067601694255028461;0,597004987516035479;0,067601694255028461
Proteobacteria;Gammaproteobacteria;Enterobacteriales;Enterobacteriaceae;Salmonella;14002;Salmonella enterica serovar Typhimurium;S. enterica;110 µM;110;0,42953644094360055;0,102539933406650852;0,566447721072789623;0,082288217602690075;0,566447721072789623;0,082288217602690075
Proteobacteria;Gammaproteobacteria;Enterobacteriales;Enterobacteriaceae;Salmonella;14002;Salmonella enterica serovar Typhimurium;S. enterica;120 µM;120;0,40375875305779424;0,137524752303733733;0,541473754908938676;0,145288156613658487;0,541473754908938676;0,145288156613658487
Proteobacteria;Gammaproteobacteria;Enterobacteriales;Enterobacteriaceae;Salmonella;14002;Salmonella enterica serovar Typhimurium;S. enterica;130 µM;130;0,34706252919196712;0,100616027579769535;0,507502375265256211;0,125198089092454640;0,507502375265256211;0,125198089092454640
Proteobacteria;Gammaproteobacteria;Enterobacteriales;Enterobacteriaceae;Salmonella;14002;Salmonella enterica serovar Typhimurium;S. enterica;140 µM;140;0,28701366477728851;0,092648736504732335;0,443996566612856691;0,134302825018895094;0,443996566612856691;0,134302825018895094
